customer_id,segment_name,recency_days,frequency,monetary,R_score,F_score,M_score,RFM_total,ticket_count,return_rate,sessions_30d,last_visit_days_ago,loyalty_tier
CUST00001,Needs Attention,107,6,2955.57,2,5,4,11,2,16.7,1,20,Silver
CUST00002,New Customers,40,1,581.0,4,1,1,6,1,0.0,8,0,Silver
CUST00003,Dormant,171,1,649.98,1,1,1,3,0,0.0,1,26,Not Enrolled
CUST00004,At-Risk,131,1,1604.04,2,1,3,6,0,0.0,1,14,Not Enrolled
CUST00005,Dormant,38,4,2550.91,4,3,3,10,1,0.0,18,9,Gold
CUST00006,Needs Attention,51,5,3770.16,3,4,4,11,2,20.0,2,1,Silver
CUST00007,New Customers,3,1,719.33,5,1,1,7,0,0.0,11,12,Not Enrolled
CUST00008,Dormant,47,4,2747.33,3,3,4,10,1,0.0,2,16,Silver
CUST00009,New Customers,31,1,376.85,4,1,1,6,0,0.0,11,6,Not Enrolled
CUST00010,New Customers,9,1,636.8,5,1,1,7,0,0.0,13,5,Not Enrolled
CUST00011,New Customers,1,2,925.0699999999999,5,2,2,9,0,0.0,10,0,Gold
CUST00012,Dormant,50,2,2051.63,3,2,3,8,1,0.0,3,5,Not Enrolled
CUST00013,Dormant,61,3,1754.44,3,3,3,9,1,0.0,4,21,Not Enrolled
CUST00014,Needs Attention,51,11,8130.16,3,5,5,13,2,0.0,11,17,Not Enrolled
CUST00015,Dormant,35,4,4200.93,4,3,5,12,0,0.0,6,11,Gold
CUST00016,Dormant,215,1,478.02,1,1,1,3,1,0.0,2,32,Not Enrolled
CUST00017,At-Risk,286,3,1699.1399999999999,1,3,3,7,0,0.0,4,47,Not Enrolled
CUST00018,Dormant,111,1,329.21,2,1,1,4,0,0.0,3,37,Silver
CUST00019,New Customers,9,2,1598.93,5,2,3,10,0,0.0,5,0,Gold
CUST00020,At-Risk,368,3,4487.950000000001,1,3,5,9,1,0.0,0,60,Not Enrolled
CUST00021,Dormant,77,2,1059.3,3,2,2,7,1,0.0,3,18,Silver
CUST00022,New Customers,29,1,454.06,4,1,1,6,0,0.0,10,0,Not Enrolled
CUST00023,New Customers,21,1,400.98,4,1,1,6,0,0.0,3,7,Gold
CUST00024,New Customers,4,1,481.35,5,1,1,7,0,0.0,13,0,Not Enrolled
CUST00025,Needs Attention,165,7,4868.86,1,5,5,11,3,0.0,11,29,Not Enrolled
CUST00026,Needs Attention,72,3,3561.3900000000003,3,3,4,10,1,33.3,14,26,Not Enrolled
CUST00027,Needs Attention,70,1,2128.34,3,1,3,7,1,100.0,11,18,Not Enrolled
CUST00028,Dormant,83,2,1489.7800000000002,3,2,2,7,1,0.0,1,19,Not Enrolled
CUST00029,Champions,18,8,5252.9,5,5,5,15,0,0.0,1,0,Not Enrolled
CUST00030,Needs Attention,5,6,3435.5899999999997,5,5,4,14,2,0.0,11,3,Gold
CUST00031,Dormant,49,1,672.95,3,1,1,5,0,0.0,6,9,Not Enrolled
CUST00032,Dormant,33,3,1948.75,4,3,3,10,0,0.0,12,13,Silver
CUST00033,Needs Attention,12,4,2128.09,5,3,3,11,2,50.0,7,7,Gold
CUST00034,Needs Attention,50,6,3353.01,3,5,4,12,3,0.0,7,0,Gold
CUST00035,At-Risk,127,3,1369.71,2,3,2,7,0,0.0,6,25,Silver
CUST00036,Dormant,27,4,1737.33,4,3,3,10,1,25.0,0,14,Silver
CUST00037,Dormant,102,1,435.83,2,1,1,4,0,0.0,5,28,Not Enrolled
CUST00038,Dormant,51,4,2104.61,3,3,3,9,1,0.0,5,14,Not Enrolled
CUST00039,Dormant,15,3,1598.49,5,3,3,11,0,0.0,6,4,Not Enrolled
CUST00040,Dormant,154,1,634.73,1,1,1,3,1,0.0,1,42,Not Enrolled
CUST00041,Dormant,54,4,1911.8600000000001,3,3,3,9,1,0.0,5,22,Silver
CUST00042,Needs Attention,87,9,7523.74,2,5,5,12,6,22.2,3,14,Silver
CUST00043,New Customers,24,1,363.01,4,1,1,6,0,0.0,3,0,Gold
CUST00044,Dormant,72,3,2724.09,3,3,4,10,1,0.0,6,10,Not Enrolled
CUST00045,Dormant,96,1,413.75,2,1,1,4,0,0.0,6,10,Not Enrolled
CUST00046,Dormant,127,1,489.87,2,1,1,4,0,0.0,7,29,Gold
CUST00047,Dormant,204,1,764.43,1,1,1,3,0,0.0,2,36,Gold
CUST00048,Dormant,61,4,2450.45,3,3,3,9,1,25.0,12,12,Silver
CUST00049,New Customers,8,1,380.83,5,1,1,7,0,0.0,4,0,Not Enrolled
CUST00050,Needs Attention,0,3,2466.39,5,3,3,11,1,33.3,3,0,Gold
CUST00051,Needs Attention,210,4,4444.3,1,3,5,9,2,0.0,6,35,Not Enrolled
CUST00052,Needs Attention,55,3,2807.14,3,3,4,10,1,33.3,7,8,Silver
CUST00053,Needs Attention,25,4,4192.59,4,3,5,12,2,0.0,9,5,Silver
CUST00054,New Customers,6,1,489.85,5,1,1,7,0,0.0,3,0,Not Enrolled
CUST00055,Dormant,3,3,1308.35,5,3,2,10,1,0.0,6,0,Not Enrolled
CUST00056,Dormant,9,4,3530.41,5,3,4,12,1,0.0,3,0,Not Enrolled
CUST00057,At-Risk,136,2,2510.83,2,2,3,7,0,0.0,7,29,Not Enrolled
CUST00058,Dormant,42,4,2451.54,4,3,3,10,0,0.0,2,6,Not Enrolled
CUST00059,Dormant,2,3,2852.63,5,3,4,12,0,0.0,3,2,Silver
CUST00060,Dormant,145,1,293.22,2,1,1,4,0,0.0,5,20,Not Enrolled
CUST00061,Dormant,14,4,1966.0900000000001,5,3,3,11,1,0.0,4,15,Not Enrolled
CUST00062,Dormant,21,4,2805.19,4,3,4,11,1,0.0,9,0,Silver
CUST00063,Dormant,216,1,397.69,1,1,1,3,1,0.0,0,24,Not Enrolled
CUST00064,New Customers,2,1,654.93,5,1,1,7,0,0.0,8,0,Not Enrolled
CUST00065,New Customers,6,1,1911.67,5,1,3,9,0,0.0,3,0,Not Enrolled
CUST00066,At-Risk,320,5,4598.95,1,4,5,10,1,0.0,11,60,Not Enrolled
CUST00067,Needs Attention,63,2,1246.44,3,2,2,7,1,50.0,1,5,Silver
CUST00068,Needs Attention,346,3,2123.66,1,3,3,7,1,33.3,5,60,Silver
CUST00069,New Customers,29,2,874.47,4,2,2,8,0,0.0,9,0,Not Enrolled
CUST00070,New Customers,38,1,542.98,4,1,1,6,0,0.0,1,18,Gold
CUST00071,New Customers,32,1,2062.5,4,1,3,8,1,0.0,1,12,Not Enrolled
CUST00072,At-Risk,90,4,2587.02,2,3,4,9,0,0.0,7,26,Not Enrolled
CUST00073,Champions,8,5,4077.07,5,4,5,14,0,0.0,7,0,Not Enrolled
CUST00074,Loyal Customers,7,4,2523.65,5,4,3,12,1,25.0,14,22,Platinum
CUST00075,Needs Attention,3,9,6791.61,5,5,5,15,4,0.0,10,13,Not Enrolled
CUST00076,New Customers,20,2,1385.27,5,2,2,9,0,0.0,17,8,Not Enrolled
CUST00077,Dormant,109,1,394.32,2,1,1,4,0,0.0,0,20,Not Enrolled
CUST00078,Needs Attention,139,1,894.45,2,1,2,5,1,100.0,5,38,Not Enrolled
CUST00079,Dormant,191,1,619.57,1,1,1,3,0,0.0,2,31,Silver
CUST00080,Dormant,50,3,2563.41,3,3,4,10,0,0.0,11,3,Gold
CUST00081,Needs Attention,19,8,5311.16,5,5,5,15,3,25.0,12,0,Silver
CUST00082,At-Risk,254,3,1671.25,1,3,3,7,0,0.0,7,44,Not Enrolled
CUST00083,Needs Attention,89,2,806.87,2,2,2,6,1,50.0,9,17,Not Enrolled
CUST00084,Dormant,167,1,1273.18,1,1,2,4,0,0.0,11,34,Silver
CUST00085,New Customers,14,1,1257.8,5,1,2,8,0,0.0,8,0,Not Enrolled
CUST00086,Loyal Customers,21,5,2195.41,4,4,3,11,1,0.0,7,0,Silver
CUST00087,New Customers,44,1,933.58,4,1,2,7,0,0.0,1,15,Not Enrolled
CUST00088,At-Risk,98,12,6774.5,2,5,5,12,1,0.0,9,18,Gold
CUST00089,At-Risk,165,2,2825.75,1,2,4,7,0,0.0,12,31,Not Enrolled
CUST00090,Loyal Customers,80,4,1966.31,3,4,3,10,1,0.0,5,36,Platinum
CUST00091,At-Risk,90,4,3726.87,2,4,4,10,1,0.0,9,11,Platinum
CUST00092,New Customers,21,1,430.85,4,1,1,6,0,0.0,1,3,Not Enrolled
CUST00093,Dormant,85,1,759.64,3,1,1,5,0,0.0,16,21,Gold
CUST00094,Needs Attention,183,4,3557.43,1,4,4,9,2,0.0,6,60,Not Enrolled
CUST00095,Dormant,65,1,372.65,3,1,1,5,1,0.0,10,7,Not Enrolled
CUST00096,Needs Attention,61,3,1563.75,3,3,3,9,1,33.3,12,15,Not Enrolled
CUST00097,Needs Attention,1,7,4703.46,5,5,5,15,2,14.3,0,0,Not Enrolled
CUST00098,At-Risk,184,2,1843.57,1,2,3,6,1,0.0,8,49,Not Enrolled
CUST00099,At-Risk,144,5,3410.87,2,4,4,10,1,0.0,4,27,Not Enrolled
CUST00100,Dormant,70,1,372.37,3,1,1,5,0,0.0,1,29,Not Enrolled
CUST00101,Needs Attention,108,5,3514.87,2,4,4,10,2,0.0,2,27,Not Enrolled
CUST00102,Dormant,83,1,732.65,3,1,1,5,0,0.0,2,7,Not Enrolled
CUST00103,New Customers,21,1,1469.96,4,1,2,7,0,0.0,6,0,Not Enrolled
CUST00104,Dormant,93,1,955.63,2,1,2,5,0,0.0,3,27,Not Enrolled
CUST00105,New Customers,46,1,2052.43,4,1,3,8,0,0.0,1,3,Not Enrolled
CUST00106,Champions,61,7,4352.11,3,5,5,13,1,0.0,5,21,Not Enrolled
CUST00107,Dormant,12,3,3548.15,5,3,4,12,0,0.0,2,10,Not Enrolled
CUST00108,Needs Attention,44,1,1074.5,4,1,2,7,1,100.0,5,11,Not Enrolled
CUST00109,At-Risk,92,5,3837.05,2,4,4,10,0,0.0,1,16,Silver
CUST00110,Needs Attention,35,6,3922.07,4,5,4,13,2,0.0,4,8,Not Enrolled
CUST00111,Dormant,178,1,1135.09,1,1,2,4,0,0.0,3,33,Silver
CUST00112,Champions,0,8,5576.25,5,5,5,15,1,12.5,4,0,Not Enrolled
CUST00113,New Customers,28,2,1601.31,4,2,3,9,0,0.0,17,2,Silver
CUST00114,At-Risk,239,6,5133.53,1,5,5,11,1,0.0,3,41,Not Enrolled
CUST00115,Dormant,159,1,596.54,1,1,1,3,1,0.0,12,23,Gold
CUST00116,At-Risk,143,6,5635.9,2,5,5,12,0,0.0,10,26,Not Enrolled
CUST00117,At-Risk,123,4,2534.33,2,4,3,9,0,0.0,2,27,Silver
CUST00118,New Customers,27,1,689.56,4,1,1,6,0,0.0,2,1,Silver
CUST00119,Dormant,69,3,2848.36,3,3,4,10,1,0.0,12,1,Not Enrolled
CUST00120,New Customers,26,1,261.95,4,1,1,6,0,0.0,6,5,Silver
CUST00121,New Customers,27,2,2496.0299999999997,4,2,3,9,0,0.0,5,2,Gold
CUST00122,At-Risk,106,2,2048.93,2,2,3,7,0,0.0,10,30,Gold
CUST00123,Needs Attention,102,6,2989.07,2,5,4,11,3,16.7,2,23,Silver
CUST00124,At-Risk,194,4,2570.5,1,4,4,9,0,0.0,5,43,Not Enrolled
CUST00125,New Customers,8,2,1698.4,5,2,3,10,0,0.0,0,0,Not Enrolled
CUST00126,Dormant,57,2,1260.02,3,2,2,7,0,0.0,5,3,Silver
CUST00127,New Customers,24,2,729.55,4,2,1,7,0,0.0,3,15,Silver
CUST00128,New Customers,19,2,1716.68,5,2,3,10,0,0.0,15,0,Not Enrolled
CUST00129,Needs Attention,83,3,3369.08,3,3,4,10,2,33.3,7,2,Not Enrolled
CUST00130,Dormant,88,1,1272.47,2,1,2,5,0,0.0,9,12,Gold
CUST00131,Champions,67,6,6830.01,3,5,5,13,0,0.0,4,14,Not Enrolled
CUST00132,At-Risk,117,5,4876.780000000001,2,4,5,11,0,0.0,1,24,Not Enrolled
CUST00133,Champions,54,8,5982.58,3,5,5,13,1,0.0,5,12,Not Enrolled
CUST00134,Needs Attention,35,5,4075.34,4,4,5,13,3,20.0,11,4,Not Enrolled
CUST00135,At-Risk,333,4,2534.18,1,4,3,8,0,0.0,3,60,Not Enrolled
CUST00136,Dormant,71,1,514.9,3,1,1,5,0,0.0,7,15,Gold
CUST00137,Dormant,177,2,1035.87,1,2,2,5,0,0.0,4,31,Silver
CUST00138,Dormant,61,1,905.11,3,1,2,6,0,0.0,5,24,Not Enrolled
CUST00139,Needs Attention,28,2,1715.4,4,2,3,9,2,0.0,5,10,Not Enrolled
CUST00140,Needs Attention,6,4,3768.34,5,4,4,13,2,0.0,14,12,Not Enrolled
CUST00141,New Customers,28,1,647.85,4,1,1,6,0,0.0,4,0,Not Enrolled
CUST00142,At-Risk,169,5,1880.0,1,4,3,8,0,0.0,2,41,Not Enrolled
CUST00143,Champions,32,6,7407.96,4,5,5,14,0,0.0,5,9,Silver
CUST00144,Needs Attention,86,9,6186.54,2,5,5,12,3,11.1,8,17,Gold
CUST00145,New Customers,30,1,502.35,4,1,1,6,0,0.0,0,0,Not Enrolled
CUST00146,At-Risk,108,5,5942.68,2,4,5,11,1,20.0,4,30,Silver
CUST00147,Dormant,84,3,2809.3199999999997,3,3,4,10,1,0.0,1,29,Platinum
CUST00148,Champions,4,4,3013.01,5,4,4,13,1,0.0,5,8,Not Enrolled
CUST00149,New Customers,8,1,787.94,5,1,2,8,0,0.0,8,0,Not Enrolled
CUST00150,Dormant,45,3,1355.63,4,3,2,9,0,0.0,6,7,Not Enrolled
CUST00151,Needs Attention,62,7,5530.69,3,5,5,13,3,0.0,7,4,Not Enrolled
CUST00152,Needs Attention,46,7,4989.280000000001,4,5,5,14,4,14.3,19,7,Silver
CUST00153,New Customers,3,1,977.12,5,1,2,8,0,0.0,6,0,Gold
CUST00154,Champions,10,8,7145.24,5,5,5,15,0,0.0,8,2,Gold
CUST00155,Dormant,2,3,2024.8,5,3,3,11,0,0.0,6,11,Not Enrolled
CUST00156,Needs Attention,34,2,4241.75,4,2,5,11,1,50.0,14,0,Not Enrolled
CUST00157,Loyal Customers,0,5,2269.91,5,4,3,12,1,0.0,3,5,Not Enrolled
CUST00158,Dormant,155,1,812.34,1,1,2,4,0,0.0,8,32,Not Enrolled
CUST00159,At-Risk,474,2,3713.77,1,2,4,7,0,0.0,0,60,Silver
CUST00160,Dormant,177,2,1064.66,1,2,2,5,1,0.0,4,37,Not Enrolled
CUST00161,Champions,20,4,4490.9,5,4,5,14,0,0.0,7,0,Silver
CUST00162,Dormant,91,2,1194.5900000000001,2,2,2,6,0,0.0,2,28,Gold
CUST00163,Dormant,70,1,275.41,3,1,1,5,0,0.0,3,19,Silver
CUST00164,At-Risk,222,5,4657.03,1,4,5,10,1,0.0,1,57,Platinum
CUST00165,At-Risk,103,3,1825.77,2,3,3,8,0,0.0,2,15,Gold
CUST00166,New Customers,15,1,1269.41,5,1,2,8,1,0.0,1,7,Silver
CUST00167,Dormant,219,1,423.24,1,1,1,3,0,0.0,0,31,Not Enrolled
CUST00168,Loyal Customers,85,4,4159.16,3,4,5,12,0,0.0,2,29,Platinum
CUST00169,At-Risk,222,1,1799.45,1,1,3,5,0,0.0,1,45,Gold
CUST00170,Champions,9,10,6759.48,5,5,5,15,1,0.0,5,0,Not Enrolled
CUST00171,New Customers,12,1,1077.78,5,1,2,8,0,0.0,9,3,Not Enrolled
CUST00172,Needs Attention,8,7,4910.65,5,5,5,15,3,0.0,5,0,Silver
CUST00173,Loyal Customers,79,5,1431.69,3,4,2,9,1,0.0,10,2,Not Enrolled
CUST00174,Needs Attention,86,6,2361.28,2,5,3,10,2,16.7,14,24,Gold
CUST00175,Loyal Customers,59,4,3568.3199999999997,3,4,4,11,1,0.0,5,14,Not Enrolled
CUST00176,Dormant,37,3,3830.31,4,3,4,11,0,0.0,12,17,Not Enrolled
CUST00177,Dormant,82,2,1003.66,3,2,2,7,0,0.0,12,28,Not Enrolled
CUST00178,Needs Attention,5,8,5602.76,5,5,5,15,4,25.0,10,0,Not Enrolled
CUST00179,Needs Attention,38,3,1585.62,4,3,3,10,2,0.0,11,21,Silver
CUST00180,Needs Attention,96,2,1570.85,2,2,3,7,1,50.0,9,18,Not Enrolled
CUST00181,New Customers,6,1,1107.73,5,1,2,8,0,0.0,7,0,Silver
CUST00182,New Customers,31,1,305.3,4,1,1,6,0,0.0,12,0,Not Enrolled
CUST00183,At-Risk,152,3,3246.8900000000003,1,3,4,8,1,0.0,1,26,Not Enrolled
CUST00184,Needs Attention,14,5,5072.85,5,4,5,14,2,0.0,6,6,Platinum
CUST00185,At-Risk,114,7,4179.18,2,5,5,12,0,0.0,11,27,Not Enrolled
CUST00186,New Customers,41,1,714.65,4,1,1,6,1,0.0,2,5,Platinum
CUST00187,At-Risk,149,3,1344.75,1,3,2,6,1,0.0,0,17,Not Enrolled
CUST00188,Needs Attention,29,7,5810.17,4,5,5,14,3,14.3,11,5,Gold
CUST00189,Needs Attention,140,9,5900.65,2,5,5,12,3,11.1,10,27,Not Enrolled
CUST00190,New Customers,6,1,482.88,5,1,1,7,1,0.0,6,5,Not Enrolled
CUST00191,New Customers,28,1,149.0,4,1,1,6,0,0.0,6,11,Silver
CUST00192,Dormant,55,3,2263.95,3,3,3,9,0,0.0,8,30,Not Enrolled
CUST00193,Dormant,157,1,424.74,1,1,1,3,0,0.0,3,30,Not Enrolled
CUST00194,Needs Attention,80,5,3878.09,3,4,4,11,3,40.0,13,3,Not Enrolled
CUST00195,New Customers,23,1,654.27,4,1,1,6,1,0.0,5,0,Not Enrolled
CUST00196,New Customers,24,2,1272.38,4,2,2,8,1,0.0,1,12,Not Enrolled
CUST00197,Needs Attention,15,9,8552.59,5,5,5,15,3,0.0,11,10,Silver
CUST00198,Needs Attention,37,9,7595.96,4,5,5,14,2,0.0,1,6,Silver
CUST00199,Champions,6,4,3273.56,5,4,4,13,1,0.0,3,0,Silver
CUST00200,Champions,15,6,6239.45,5,5,5,15,1,0.0,7,2,Gold
CUST00201,Needs Attention,93,7,6691.56,2,5,5,12,2,0.0,3,12,Not Enrolled
CUST00202,Dormant,141,1,1220.26,2,1,2,5,0,0.0,9,40,Not Enrolled
CUST00203,Dormant,114,2,743.3499999999999,2,2,1,5,0,0.0,6,28,Not Enrolled
CUST00204,Loyal Customers,42,5,2706.75,4,4,4,12,0,0.0,17,4,Platinum
CUST00205,Loyal Customers,30,5,3202.69,4,4,4,12,0,0.0,13,0,Not Enrolled
CUST00206,Needs Attention,118,10,6479.7,2,5,5,12,3,10.0,7,38,Gold
CUST00207,New Customers,18,1,193.1,5,1,1,7,0,0.0,11,7,Not Enrolled
CUST00208,At-Risk,91,6,6865.35,2,5,5,12,1,0.0,2,24,Not Enrolled
CUST00209,At-Risk,279,5,3422.88,1,4,4,9,1,20.0,3,46,Not Enrolled
CUST00210,Dormant,128,2,1254.8700000000001,2,2,2,6,0,0.0,3,38,Not Enrolled
CUST00211,At-Risk,90,5,27215.920000000002,2,4,5,11,1,0.0,4,9,Not Enrolled
CUST00212,At-Risk,204,3,2071.6800000000003,1,3,3,7,0,0.0,3,45,Not Enrolled
CUST00213,Needs Attention,86,2,1680.61,2,2,3,7,2,100.0,2,15,Not Enrolled
CUST00214,Dormant,64,1,1427.16,3,1,2,6,0,0.0,3,14,Not Enrolled
CUST00215,Dormant,34,3,1564.1,4,3,3,10,1,0.0,8,15,Silver
CUST00216,Needs Attention,48,1,1349.42,3,1,2,6,1,100.0,7,16,Silver
CUST00217,Dormant,79,3,1179.94,3,3,2,8,0,0.0,2,13,Silver
CUST00218,New Customers,23,2,1492.68,4,2,2,8,0,0.0,1,5,Not Enrolled
CUST00219,At-Risk,154,6,2782.79,1,5,4,10,1,0.0,3,30,Silver
CUST00220,Dormant,25,3,1450.4099999999999,4,3,2,9,1,0.0,14,10,Not Enrolled
CUST00221,New Customers,7,2,781.03,5,2,2,9,0,0.0,16,2,Not Enrolled
CUST00222,Dormant,186,2,1259.5,1,2,2,5,1,0.0,1,22,Not Enrolled
CUST00223,Dormant,103,1,757.58,2,1,1,4,1,0.0,1,20,Silver
CUST00224,Needs Attention,89,2,1839.95,2,2,3,7,1,50.0,1,13,Not Enrolled
CUST00225,At-Risk,88,3,3012.6,2,3,4,9,0,0.0,3,19,Silver
CUST00226,Needs Attention,54,3,2345.42,3,3,3,9,1,33.3,6,34,Silver
CUST00227,Needs Attention,153,6,4383.02,1,5,5,11,2,16.7,0,29,Silver
CUST00228,Needs Attention,82,7,4150.72,3,5,5,13,2,14.3,6,11,Silver
CUST00229,At-Risk,92,5,3077.41,2,4,4,10,1,0.0,8,8,Silver
CUST00230,Needs Attention,37,8,7503.74,4,5,5,14,2,0.0,17,14,Not Enrolled
CUST00231,Dormant,23,3,1558.41,4,3,3,10,0,0.0,6,0,Not Enrolled
CUST00232,Dormant,55,1,786.26,3,1,2,6,0,0.0,2,1,Not Enrolled
CUST00233,At-Risk,361,3,1626.9899999999998,1,3,3,7,0,0.0,5,60,Not Enrolled
CUST00234,Loyal Customers,17,4,2458.9700000000003,5,4,3,12,0,0.0,6,0,Not Enrolled
CUST00235,At-Risk,125,4,2278.82,2,4,3,9,0,0.0,2,29,Not Enrolled
CUST00236,Dormant,62,1,782.89,3,1,2,6,1,0.0,8,8,Not Enrolled
CUST00237,Champions,15,4,3607.29,5,4,4,13,0,0.0,8,0,Platinum
CUST00238,Needs Attention,78,2,2181.78,3,2,3,8,2,0.0,1,8,Not Enrolled
CUST00239,Dormant,320,1,208.1,1,1,1,3,0,0.0,4,60,Silver
CUST00240,Dormant,56,2,2277.31,3,2,3,8,1,0.0,4,16,Silver
CUST00241,Dormant,6,3,3041.48,5,3,4,12,0,0.0,12,0,Not Enrolled
CUST00242,Loyal Customers,82,6,3655.25,3,5,4,12,0,0.0,11,5,Not Enrolled
CUST00243,Loyal Customers,69,4,3129.06,3,4,4,11,1,25.0,3,22,Gold
CUST00244,At-Risk,144,2,2449.86,2,2,3,7,0,0.0,1,23,Not Enrolled
CUST00245,Dormant,73,2,1245.78,3,2,2,7,0,0.0,6,16,Platinum
CUST00246,Dormant,52,3,1985.72,3,3,3,9,1,0.0,6,13,Silver
CUST00247,Needs Attention,57,11,5611.35,3,5,5,13,3,0.0,5,14,Not Enrolled
CUST00248,Champions,71,7,4187.5599999999995,3,5,5,13,0,0.0,2,15,Not Enrolled
CUST00249,At-Risk,162,3,1761.46,1,3,3,7,0,0.0,5,31,Silver
CUST00250,New Customers,35,1,837.19,4,1,2,7,0,0.0,6,2,Silver
CUST00251,Needs Attention,41,1,966.73,4,1,2,7,1,100.0,14,9,Not Enrolled
CUST00252,At-Risk,190,6,5194.02,1,5,5,11,0,0.0,4,23,Silver
CUST00253,At-Risk,191,3,1901.1299999999999,1,3,3,7,0,0.0,3,34,Platinum
CUST00254,At-Risk,183,4,3041.57,1,4,4,9,0,0.0,4,26,Not Enrolled
CUST00255,Needs Attention,22,6,4806.29,4,5,5,14,2,16.7,10,19,Not Enrolled
CUST00256,At-Risk,181,2,1727.8400000000001,1,2,3,6,1,0.0,1,34,Not Enrolled
CUST00257,Dormant,55,2,1042.47,3,2,2,7,0,0.0,7,19,Not Enrolled
CUST00258,Champions,42,10,6259.64,4,5,5,14,1,0.0,7,7,Not Enrolled
CUST00259,Dormant,192,1,1519.33,1,1,2,4,0,0.0,0,31,Not Enrolled
CUST00260,New Customers,2,2,1820.81,5,2,3,10,0,0.0,7,7,Not Enrolled
CUST00261,Dormant,51,1,350.44,3,1,1,5,0,0.0,0,0,Not Enrolled
CUST00262,New Customers,9,2,1318.44,5,2,2,9,0,0.0,5,9,Silver
CUST00263,Needs Attention,25,12,7940.0,4,5,5,14,6,25.0,15,11,Platinum
CUST00264,New Customers,31,2,671.0999999999999,4,2,1,7,1,0.0,7,0,Silver
CUST00265,Dormant,77,1,510.24,3,1,1,5,0,0.0,7,28,Gold
CUST00266,Needs Attention,158,4,5306.62,1,4,5,10,2,25.0,1,22,Not Enrolled
CUST00267,Needs Attention,29,4,4026.2300000000005,4,4,5,13,2,25.0,8,11,Not Enrolled
CUST00268,Dormant,9,3,2097.02,5,3,3,11,1,0.0,6,8,Not Enrolled
CUST00269,Dormant,30,3,2563.9300000000003,4,3,4,11,1,0.0,11,10,Not Enrolled
CUST00270,Dormant,75,2,968.72,3,2,2,7,0,0.0,8,7,Silver
CUST00271,Loyal Customers,32,4,3933.98,4,4,4,12,0,0.0,1,0,Not Enrolled
CUST00272,Champions,12,13,13721.27,5,5,5,15,0,0.0,7,1,Gold
CUST00273,Needs Attention,13,8,6009.55,5,5,5,15,4,12.5,7,1,Not Enrolled
CUST00274,Dormant,71,1,695.0,3,1,1,5,0,0.0,1,2,Not Enrolled
CUST00275,At-Risk,241,6,3879.21,1,5,4,10,1,0.0,5,51,Silver
CUST00276,Champions,47,6,8721.42,3,5,5,13,0,0.0,9,14,Silver
CUST00277,Dormant,2,3,1630.27,5,3,3,11,0,0.0,2,12,Silver
CUST00278,Needs Attention,69,4,2768.06,3,4,4,11,2,0.0,7,22,Not Enrolled
CUST00279,Champions,12,8,5366.55,5,5,5,15,1,0.0,9,0,Not Enrolled
CUST00280,Champions,10,8,7231.759999999999,5,5,5,15,0,0.0,6,4,Not Enrolled
CUST00281,New Customers,35,2,1161.06,4,2,2,8,0,0.0,3,9,Not Enrolled
CUST00282,Dormant,296,2,774.76,1,2,2,5,1,0.0,1,60,Not Enrolled
CUST00283,Needs Attention,18,10,7871.0,5,5,5,15,4,20.0,8,6,Silver
CUST00284,Dormant,291,2,781.62,1,2,2,5,0,0.0,1,60,Silver
CUST00285,Loyal Customers,13,4,2158.18,5,4,3,12,0,0.0,10,16,Not Enrolled
CUST00286,At-Risk,369,2,2027.25,1,2,3,6,1,0.0,1,60,Silver
CUST00287,Champions,69,6,6236.95,3,5,5,13,1,0.0,8,15,Silver
CUST00288,Dormant,110,2,1096.1,2,2,2,6,1,0.0,1,20,Not Enrolled
CUST00289,New Customers,5,2,811.06,5,2,2,9,0,0.0,5,0,Not Enrolled
CUST00290,New Customers,9,1,251.16,5,1,1,7,1,0.0,6,1,Silver
CUST00291,Needs Attention,58,9,5604.34,3,5,5,13,3,22.2,4,23,Gold
CUST00292,Needs Attention,43,1,657.91,4,1,1,6,1,100.0,6,0,Not Enrolled
CUST00293,At-Risk,230,3,1699.71,1,3,3,7,0,0.0,3,59,Gold
CUST00294,At-Risk,102,1,1714.42,2,1,3,6,0,0.0,15,35,Platinum
CUST00295,New Customers,16,2,2000.29,5,2,3,10,0,0.0,2,5,Not Enrolled
CUST00296,At-Risk,132,4,1989.83,2,4,3,9,0,0.0,2,30,Gold
CUST00297,Dormant,154,1,1130.29,1,1,2,4,1,0.0,13,30,Platinum
CUST00298,Dormant,201,1,1122.99,1,1,2,4,0,0.0,6,50,Not Enrolled
CUST00299,Needs Attention,343,4,2302.1800000000003,1,4,3,8,2,25.0,0,60,Not Enrolled
CUST00300,Loyal Customers,5,4,2276.6099999999997,5,4,3,12,0,0.0,5,1,Platinum
CUST00301,Needs Attention,9,7,7023.07,5,5,5,15,3,0.0,7,13,Gold
CUST00302,Needs Attention,148,4,2534.0,1,4,3,8,3,25.0,4,27,Silver
CUST00303,Needs Attention,48,5,3674.2,3,4,4,11,2,20.0,6,12,Not Enrolled
CUST00304,At-Risk,87,3,2837.27,2,3,4,9,1,0.0,4,5,Not Enrolled
CUST00305,Dormant,166,1,531.59,1,1,1,3,0,0.0,6,33,Silver
CUST00306,Needs Attention,19,5,3658.35,5,4,4,13,2,20.0,2,0,Not Enrolled
CUST00307,Needs Attention,32,3,2114.17,4,3,3,10,1,33.3,0,13,Gold
CUST00308,Dormant,66,2,1535.15,3,2,2,7,0,0.0,7,27,Platinum
CUST00309,Dormant,8,3,2731.6099999999997,5,3,4,12,0,0.0,13,12,Not Enrolled
CUST00310,Needs Attention,22,1,578.27,4,1,1,6,1,100.0,5,8,Not Enrolled
CUST00311,Dormant,48,1,1336.82,3,1,2,6,0,0.0,4,0,Silver
CUST00312,Dormant,64,1,486.27,3,1,1,5,0,0.0,9,7,Not Enrolled
CUST00313,Dormant,162,1,769.77,1,1,1,3,1,0.0,16,37,Not Enrolled
CUST00314,New Customers,16,1,560.98,5,1,1,7,0,0.0,0,14,Not Enrolled
CUST00315,Needs Attention,17,10,10137.960000000001,5,5,5,15,2,0.0,11,0,Platinum
CUST00316,Needs Attention,97,2,1079.82,2,2,2,6,1,50.0,1,30,Silver
CUST00317,Dormant,100,1,1353.24,2,1,2,5,0,0.0,8,25,Not Enrolled
CUST00318,Loyal Customers,47,5,5959.01,3,4,5,12,1,0.0,2,8,Silver
CUST00319,At-Risk,147,6,2585.4700000000003,2,5,4,11,0,0.0,0,29,Silver
CUST00320,Champions,25,7,5001.34,4,5,5,14,1,0.0,10,19,Not Enrolled
CUST00321,Needs Attention,116,6,3100.54,2,5,4,11,2,0.0,1,20,Silver
CUST00322,Champions,4,5,3351.86,5,4,4,13,0,0.0,5,2,Silver
CUST00323,Champions,5,8,7225.06,5,5,5,15,0,0.0,6,9,Gold
CUST00324,Needs Attention,274,4,6039.5599999999995,1,4,5,10,2,25.0,0,60,Not Enrolled
CUST00325,Dormant,44,3,3542.89,4,3,4,11,0,0.0,6,7,Not Enrolled
CUST00326,At-Risk,124,3,1868.65,2,3,3,8,1,0.0,7,26,Platinum
CUST00327,Dormant,2,3,1087.67,5,3,2,10,0,0.0,7,14,Gold
CUST00328,Dormant,322,1,371.68,1,1,1,3,0,0.0,2,60,Not Enrolled
CUST00329,New Customers,1,1,299.28,5,1,1,7,0,0.0,1,0,Gold
CUST00330,Dormant,74,3,1307.8000000000002,3,3,2,8,1,0.0,1,12,Gold
CUST00331,Needs Attention,151,5,3450.66,1,4,4,9,2,20.0,1,27,Silver
CUST00332,Needs Attention,24,2,2059.8,4,2,3,9,2,50.0,0,6,Silver
CUST00333,Dormant,75,1,870.15,3,1,2,6,0,0.0,3,21,Not Enrolled
CUST00334,Needs Attention,85,3,2170.31,3,3,3,9,1,33.3,2,29,Silver
CUST00335,Needs Attention,148,3,2480.1,1,3,3,7,2,0.0,7,22,Not Enrolled
CUST00336,Loyal Customers,29,4,1900.82,4,4,3,11,0,0.0,5,2,Not Enrolled
CUST00337,New Customers,7,2,1887.73,5,2,3,10,1,0.0,2,9,Not Enrolled
CUST00338,Needs Attention,12,1,887.38,5,1,2,8,1,100.0,6,8,Not Enrolled
CUST00339,At-Risk,92,4,2671.88,2,4,4,10,1,25.0,13,12,Silver
CUST00340,Champions,46,8,5565.53,4,5,5,14,1,12.5,8,10,Gold
CUST00341,New Customers,19,1,790.16,5,1,2,8,0,0.0,11,5,Not Enrolled
CUST00342,Dormant,1,3,2620.58,5,3,4,12,1,0.0,9,4,Gold
CUST00343,At-Risk,94,5,2489.52,2,4,3,9,0,0.0,7,20,Not Enrolled
CUST00344,Needs Attention,189,5,4461.57,1,4,5,10,4,0.0,5,41,Silver
CUST00345,Champions,3,5,5510.36,5,4,5,14,1,0.0,15,0,Silver
CUST00346,Needs Attention,72,11,10011.3,3,5,5,13,2,18.2,13,7,Not Enrolled
CUST00347,At-Risk,184,4,3311.46,1,4,4,9,1,0.0,8,45,Not Enrolled
CUST00348,Dormant,1,3,2509.74,5,3,3,11,0,0.0,14,4,Silver
CUST00349,Loyal Customers,74,4,3794.38,3,4,4,11,0,0.0,2,18,Silver
CUST00350,New Customers,41,1,537.51,4,1,1,6,0,0.0,18,0,Not Enrolled
CUST00351,Needs Attention,9,7,7447.2,5,5,5,15,3,14.3,4,1,Silver
CUST00352,New Customers,27,1,1000.77,4,1,2,7,0,0.0,13,16,Silver
CUST00353,At-Risk,118,4,1755.1200000000001,2,4,3,9,1,0.0,4,27,Not Enrolled
CUST00354,Loyal Customers,36,5,2894.64,4,4,4,12,1,0.0,4,16,Not Enrolled
CUST00355,Needs Attention,171,4,3405.2,1,4,4,9,2,0.0,4,32,Gold
CUST00356,Needs Attention,7,5,2474.34,5,4,3,12,2,0.0,10,7,Not Enrolled
CUST00357,New Customers,42,1,513.15,4,1,1,6,1,0.0,9,2,Silver
CUST00358,Dormant,101,2,1523.3600000000001,2,2,2,6,1,0.0,4,1,Not Enrolled
CUST00359,Champions,3,8,6332.549999999999,5,5,5,15,0,0.0,0,0,Not Enrolled
CUST00360,Champions,2,6,8052.9800000000005,5,5,5,15,0,0.0,1,0,Not Enrolled
CUST00361,Needs Attention,169,1,361.04,1,1,1,3,1,100.0,3,20,Not Enrolled
CUST00362,Loyal Customers,23,4,2137.19,4,4,3,11,1,0.0,12,7,Gold
CUST00363,New Customers,27,1,413.99,4,1,1,6,1,0.0,2,5,Not Enrolled
CUST00364,Needs Attention,359,3,2049.88,1,3,3,7,2,0.0,0,60,Not Enrolled
CUST00365,Dormant,158,1,1015.06,1,1,2,4,0,0.0,7,21,Not Enrolled
CUST00366,At-Risk,92,4,5279.17,2,4,5,11,1,0.0,2,26,Not Enrolled
CUST00367,Dormant,212,1,884.81,1,1,2,4,0,0.0,1,33,Silver
CUST00368,Needs Attention,55,1,348.81,3,1,1,5,1,100.0,7,12,Not Enrolled
CUST00369,Dormant,71,3,2263.62,3,3,3,9,0,0.0,7,0,Not Enrolled
CUST00370,Dormant,172,1,452.14,1,1,1,3,0,0.0,8,29,Platinum
CUST00371,At-Risk,124,3,2631.54,2,3,4,9,1,0.0,4,10,Not Enrolled
CUST00372,Dormant,56,1,431.11,3,1,1,5,1,0.0,2,18,Not Enrolled
CUST00373,Dormant,73,2,1612.8899999999999,3,2,3,8,0,0.0,9,20,Silver
CUST00374,Dormant,219,2,795.8299999999999,1,2,2,5,1,0.0,0,44,Not Enrolled
CUST00375,Loyal Customers,85,6,3564.29,3,5,4,12,1,0.0,2,17,Not Enrolled
CUST00376,Champions,45,8,5532.45,4,5,5,14,0,0.0,5,12,Not Enrolled
CUST00377,Loyal Customers,80,4,2214.32,3,4,3,10,0,0.0,10,16,Not Enrolled
CUST00378,At-Risk,99,1,1622.32,2,1,3,6,0,0.0,4,1,Not Enrolled
CUST00379,Dormant,75,2,1029.97,3,2,2,7,0,0.0,2,4,Not Enrolled
CUST00380,Champions,39,6,3460.9,4,5,4,13,1,0.0,8,0,Silver
CUST00381,Dormant,182,1,597.86,1,1,1,3,1,0.0,2,32,Gold
CUST00382,New Customers,45,2,766.55,4,2,1,7,0,0.0,6,7,Gold
CUST00383,Needs Attention,8,6,4050.1099999999997,5,5,5,15,3,16.7,14,1,Gold
CUST00384,New Customers,26,1,470.31,4,1,1,6,0,0.0,0,0,Not Enrolled
CUST00385,Needs Attention,63,7,5606.02,3,5,5,13,3,0.0,6,25,Silver
CUST00386,Champions,0,6,4989.88,5,5,5,15,1,0.0,13,1,Not Enrolled
CUST00387,New Customers,40,1,721.21,4,1,1,6,0,0.0,1,2,Silver
CUST00388,Loyal Customers,37,5,2574.36,4,4,4,12,1,0.0,6,0,Silver
CUST00389,Needs Attention,14,9,6570.38,5,5,5,15,3,0.0,11,14,Not Enrolled
CUST00390,Dormant,54,2,1639.4299999999998,3,2,3,8,1,0.0,4,5,Silver
CUST00391,Dormant,1,3,2830.86,5,3,4,12,0,0.0,4,0,Silver
CUST00392,At-Risk,133,7,5290.95,2,5,5,12,0,0.0,4,34,Silver
CUST00393,New Customers,12,2,2231.04,5,2,3,10,1,0.0,5,18,Not Enrolled
CUST00394,New Customers,1,1,404.19,5,1,1,7,1,0.0,12,4,Gold
CUST00395,Dormant,35,3,1418.71,4,3,2,9,1,0.0,12,13,Platinum
CUST00396,Champions,10,5,3031.7799999999997,5,4,4,13,1,0.0,10,0,Not Enrolled
CUST00397,Needs Attention,79,11,9647.73,3,5,5,13,4,0.0,3,22,Not Enrolled
CUST00398,Champions,8,4,2823.02,5,4,4,13,1,0.0,11,0,Gold
CUST00399,At-Risk,262,4,2749.65,1,4,4,9,0,0.0,3,45,Silver
CUST00400,New Customers,44,1,402.05,4,1,1,6,0,0.0,9,0,Gold
CUST00401,Dormant,66,1,568.99,3,1,1,5,1,0.0,2,12,Silver
CUST00402,At-Risk,132,3,1410.06,2,3,2,7,1,0.0,1,27,Gold
CUST00403,New Customers,21,2,2029.3200000000002,4,2,3,9,0,0.0,15,0,Not Enrolled
CUST00404,Needs Attention,193,6,4631.52,1,5,5,11,2,0.0,1,31,Gold
CUST00405,Needs Attention,2,1,282.03,5,1,1,7,1,100.0,4,5,Not Enrolled
CUST00406,Dormant,10,3,997.27,5,3,2,10,1,0.0,10,5,Not Enrolled
CUST00407,New Customers,18,1,1569.01,5,1,3,9,0,0.0,0,11,Not Enrolled
CUST00408,Needs Attention,40,7,4155.91,4,5,5,14,4,14.3,0,0,Not Enrolled
CUST00409,Needs Attention,58,7,4946.35,3,5,5,13,3,42.9,11,4,Not Enrolled
CUST00410,New Customers,1,2,1365.22,5,2,2,9,1,0.0,16,0,Gold
CUST00411,At-Risk,253,1,1756.76,1,1,3,5,0,0.0,1,54,Not Enrolled
CUST00412,Dormant,529,1,1486.51,1,1,2,4,0,0.0,0,60,Not Enrolled
CUST00413,Needs Attention,26,3,1644.89,4,3,3,10,2,33.3,16,0,Platinum
CUST00414,Needs Attention,3,1,311.44,5,1,1,7,1,100.0,5,0,Not Enrolled
CUST00415,At-Risk,120,2,2282.07,2,2,3,7,1,0.0,1,11,Not Enrolled
CUST00416,New Customers,28,2,1020.28,4,2,2,8,1,0.0,4,11,Silver
CUST00417,At-Risk,151,4,2750.0299999999997,1,4,4,9,0,0.0,0,28,Not Enrolled
CUST00418,New Customers,5,2,1919.75,5,2,3,10,1,0.0,8,0,Not Enrolled
CUST00419,At-Risk,98,2,1795.1,2,2,3,7,0,0.0,12,30,Not Enrolled
CUST00420,Champions,18,4,4050.29,5,4,5,14,1,0.0,14,0,Not Enrolled
CUST00421,Needs Attention,0,7,5557.389999999999,5,5,5,15,2,14.3,4,0,Not Enrolled
CUST00422,Dormant,125,2,1075.03,2,2,2,6,0,0.0,7,26,Platinum
CUST00423,At-Risk,135,3,2349.76,2,3,3,8,0,0.0,1,39,Silver
CUST00424,Dormant,113,2,1297.49,2,2,2,6,1,0.0,5,33,Not Enrolled
CUST00425,Dormant,113,2,1502.44,2,2,2,6,0,0.0,12,25,Not Enrolled
CUST00426,Dormant,77,2,1478.25,3,2,2,7,0,0.0,8,18,Not Enrolled
CUST00427,Needs Attention,1,2,331.53,5,2,1,8,1,50.0,4,6,Silver
CUST00428,Loyal Customers,74,5,2817.05,3,4,4,11,1,0.0,1,10,Not Enrolled
CUST00429,New Customers,6,1,432.48,5,1,1,7,1,0.0,13,9,Silver
CUST00430,Dormant,22,3,2369.81,4,3,3,10,0,0.0,0,0,Silver
CUST00431,Dormant,154,2,903.65,1,2,2,5,0,0.0,1,31,Gold
CUST00432,At-Risk,112,4,5036.07,2,4,5,11,0,0.0,9,18,Not Enrolled
CUST00433,Needs Attention,36,6,4884.34,4,5,5,14,4,0.0,10,6,Silver
CUST00434,Dormant,293,2,1034.35,1,2,2,5,0,0.0,2,47,Not Enrolled
CUST00435,Needs Attention,200,3,1740.56,1,3,3,7,1,33.3,1,48,Silver
CUST00436,Loyal Customers,49,4,2770.92,3,4,4,11,0,0.0,2,23,Not Enrolled
CUST00437,Dormant,151,1,729.22,1,1,1,3,0,0.0,0,33,Silver
CUST00438,Needs Attention,64,3,2466.39,3,3,3,9,3,100.0,6,22,Platinum
CUST00439,Needs Attention,119,3,1981.34,2,3,3,8,1,33.3,7,18,Silver
CUST00440,Dormant,64,1,325.03,3,1,1,5,1,0.0,5,8,Silver
CUST00441,Dormant,211,1,786.67,1,1,2,4,1,0.0,1,33,Silver
CUST00442,Champions,69,8,4905.34,3,5,5,13,1,0.0,2,22,Gold
CUST00443,At-Risk,265,3,1694.35,1,3,3,7,0,0.0,2,54,Not Enrolled
CUST00444,Dormant,232,1,520.84,1,1,1,3,0,0.0,1,51,Not Enrolled
CUST00445,New Customers,26,1,1594.8,4,1,3,8,0,0.0,4,5,Silver
CUST00446,New Customers,26,1,521.16,4,1,1,6,0,0.0,9,3,Not Enrolled
CUST00447,Needs Attention,36,7,3091.4,4,5,4,13,2,14.3,6,18,Not Enrolled
CUST00448,Needs Attention,136,5,4291.91,2,4,5,11,3,40.0,11,18,Not Enrolled
CUST00449,Dormant,209,2,661.52,1,2,1,4,0,0.0,1,60,Not Enrolled
CUST00450,New Customers,44,1,862.9,4,1,2,7,0,0.0,5,2,Silver
CUST00451,Needs Attention,29,4,3636.0,4,4,4,12,2,25.0,3,4,Silver
CUST00452,At-Risk,256,6,1929.85,1,5,3,9,1,0.0,2,53,Not Enrolled
CUST00453,Champions,17,4,3032.93,5,4,4,13,1,0.0,1,6,Silver
CUST00454,Needs Attention,13,4,2655.42,5,4,4,13,2,0.0,17,0,Platinum
CUST00455,At-Risk,273,3,1616.76,1,3,3,7,1,0.0,0,51,Not Enrolled
CUST00456,At-Risk,147,4,3440.2,2,4,4,10,1,0.0,0,37,Not Enrolled
CUST00457,Dormant,321,2,1371.21,1,2,2,5,0,0.0,1,60,Not Enrolled
CUST00458,New Customers,4,2,1371.81,5,2,2,9,0,0.0,4,15,Gold
CUST00459,Needs Attention,237,3,2928.0299999999997,1,3,4,8,2,33.3,5,49,Not Enrolled
CUST00460,Champions,19,11,9241.95,5,5,5,15,1,9.1,8,14,Not Enrolled
CUST00461,At-Risk,194,4,1579.47,1,4,3,8,0,0.0,3,41,Not Enrolled
CUST00462,Dormant,35,3,2689.5,4,3,4,11,1,0.0,2,0,Not Enrolled
CUST00463,Champions,29,4,5048.68,4,4,5,13,0,0.0,0,3,Not Enrolled
CUST00464,Needs Attention,106,10,6495.79,2,5,5,12,3,10.0,6,20,Platinum
CUST00465,Dormant,177,1,1298.74,1,1,2,4,0,0.0,3,34,Not Enrolled
CUST00466,Needs Attention,25,10,5238.91,4,5,5,14,2,10.0,9,2,Gold
CUST00467,New Customers,3,2,1180.98,5,2,2,9,0,0.0,7,0,Silver
CUST00468,Needs Attention,198,2,1077.8600000000001,1,2,2,5,1,50.0,1,36,Platinum
CUST00469,Dormant,19,3,1886.95,5,3,3,11,0,0.0,8,5,Not Enrolled
CUST00470,Needs Attention,166,5,3508.62,1,4,4,9,2,0.0,1,41,Silver
CUST00471,Dormant,126,1,307.23,2,1,1,4,0,0.0,5,27,Not Enrolled
CUST00472,At-Risk,114,3,2846.8,2,3,4,9,0,0.0,0,29,Not Enrolled
CUST00473,Needs Attention,121,6,3513.72,2,5,4,11,2,16.7,0,25,Silver
CUST00474,Needs Attention,22,3,1652.35,4,3,3,10,1,33.3,5,1,Not Enrolled
CUST00475,Champions,39,9,6914.04,4,5,5,14,0,0.0,2,6,Not Enrolled
CUST00476,Needs Attention,140,7,6233.25,2,5,5,12,3,14.3,6,24,Platinum
CUST00477,Loyal Customers,60,4,3034.67,3,4,4,11,0,0.0,2,11,Not Enrolled
CUST00478,New Customers,31,2,862.04,4,2,2,8,0,0.0,8,0,Silver
CUST00479,Dormant,269,1,319.34,1,1,1,3,1,0.0,5,42,Not Enrolled
CUST00480,At-Risk,148,7,4227.82,1,5,5,11,0,0.0,2,28,Gold
CUST00481,New Customers,43,2,934.12,4,2,2,8,0,0.0,10,4,Gold
CUST00482,Loyal Customers,32,4,2177.14,4,4,3,11,0,0.0,15,19,Silver
CUST00483,At-Risk,107,7,4120.83,2,5,5,12,1,14.3,3,10,Gold
CUST00484,Needs Attention,62,5,5407.55,3,4,5,12,3,20.0,9,16,Not Enrolled
CUST00485,Needs Attention,228,5,2971.02,1,4,4,9,2,0.0,1,49,Not Enrolled
CUST00486,New Customers,44,1,810.16,4,1,2,7,0,0.0,10,9,Not Enrolled
CUST00487,Needs Attention,29,7,2642.71,4,5,4,13,6,14.3,2,14,Silver
CUST00488,At-Risk,217,4,2427.65,1,4,3,8,0,0.0,8,51,Silver
CUST00489,Dormant,210,1,963.44,1,1,2,4,0,0.0,10,32,Gold
CUST00490,Needs Attention,7,1,557.54,5,1,1,7,1,100.0,8,11,Not Enrolled
CUST00491,Needs Attention,97,1,540.89,2,1,1,4,1,100.0,10,20,Silver
CUST00492,Champions,61,6,5426.94,3,5,5,13,1,16.7,0,16,Not Enrolled
CUST00493,Needs Attention,108,2,1757.06,2,2,3,7,1,50.0,10,21,Silver
CUST00494,New Customers,11,1,660.15,5,1,1,7,0,0.0,6,0,Not Enrolled
CUST00495,New Customers,45,2,2001.5900000000001,4,2,3,9,0,0.0,4,0,Silver
CUST00496,New Customers,35,1,1586.18,4,1,3,8,0,0.0,4,10,Not Enrolled
CUST00497,At-Risk,159,1,1724.62,1,1,3,5,0,0.0,1,32,Not Enrolled
CUST00498,New Customers,24,2,970.31,4,2,2,8,0,0.0,3,0,Not Enrolled
CUST00499,Dormant,18,3,2917.37,5,3,4,12,1,0.0,1,9,Silver
CUST00500,Dormant,43,3,3208.81,4,3,4,11,0,0.0,10,12,Not Enrolled
CUST00501,Champions,20,4,2834.75,5,4,4,13,1,0.0,4,5,Gold
CUST00502,New Customers,17,2,1615.2400000000002,5,2,3,10,0,0.0,13,0,Not Enrolled
CUST00503,Needs Attention,48,7,4458.49,3,5,5,13,3,14.3,4,7,Gold
CUST00504,New Customers,15,1,1602.01,5,1,3,9,0,0.0,9,4,Not Enrolled
CUST00505,Dormant,125,1,1027.23,2,1,2,5,0,0.0,9,32,Not Enrolled
CUST00506,Needs Attention,38,9,8243.95,4,5,5,14,4,0.0,0,15,Platinum
CUST00507,At-Risk,120,2,3345.6800000000003,2,2,4,8,0,0.0,1,26,Silver
CUST00508,Dormant,148,1,717.51,1,1,1,3,0,0.0,6,37,Not Enrolled
CUST00509,New Customers,21,1,954.21,4,1,2,7,0,0.0,9,4,Not Enrolled
CUST00510,At-Risk,162,4,3630.48,1,4,4,9,1,25.0,4,29,Not Enrolled
CUST00511,Champions,5,4,2778.7,5,4,4,13,1,0.0,18,5,Silver
CUST00512,Loyal Customers,16,4,2468.63,5,4,3,12,1,0.0,6,9,Silver
CUST00513,Needs Attention,27,8,5289.39,4,5,5,14,3,0.0,6,8,Not Enrolled
CUST00514,At-Risk,93,1,1687.55,2,1,3,6,0,0.0,11,13,Not Enrolled
CUST00515,New Customers,6,2,1540.13,5,2,3,10,1,0.0,2,2,Not Enrolled
CUST00516,New Customers,27,1,623.59,4,1,1,6,0,0.0,9,7,Platinum
CUST00517,Needs Attention,59,5,2777.25,3,4,4,11,2,0.0,2,8,Not Enrolled
CUST00518,New Customers,23,1,226.9,4,1,1,6,0,0.0,5,0,Gold
CUST00519,Dormant,81,1,412.42,3,1,1,5,0,0.0,0,11,Gold
CUST00520,Champions,2,5,3130.28,5,4,4,13,0,0.0,2,0,Not Enrolled
CUST00521,Champions,42,7,3626.0699999999997,4,5,4,13,1,0.0,5,8,Not Enrolled
CUST00522,At-Risk,462,1,1688.22,1,1,3,5,0,0.0,1,60,Not Enrolled
CUST00523,Dormant,29,3,2606.67,4,3,4,11,1,0.0,7,12,Not Enrolled
CUST00524,Needs Attention,11,10,7161.96,5,5,5,15,2,10.0,10,11,Silver
CUST00525,At-Risk,220,4,1916.75,1,4,3,8,0,0.0,1,56,Not Enrolled
CUST00526,New Customers,2,1,1131.41,5,1,2,8,0,0.0,6,0,Silver
CUST00527,At-Risk,113,6,5554.469999999999,2,5,5,12,0,0.0,1,23,Silver
CUST00528,New Customers,14,1,556.1,5,1,1,7,0,0.0,12,9,Not Enrolled
CUST00529,Dormant,63,1,1129.52,3,1,2,6,1,0.0,11,0,Not Enrolled
CUST00530,Dormant,57,3,2183.4300000000003,3,3,3,9,0,0.0,2,13,Gold
CUST00531,New Customers,43,2,648.41,4,2,1,7,1,0.0,1,19,Not Enrolled
CUST00532,At-Risk,118,4,4895.42,2,4,5,11,1,0.0,1,24,Not Enrolled
CUST00533,New Customers,4,1,149.0,5,1,1,7,1,0.0,9,0,Not Enrolled
CUST00534,Loyal Customers,74,5,3110.46,3,4,4,11,1,0.0,4,18,Silver
CUST00535,At-Risk,138,5,5156.9,2,4,5,11,0,0.0,5,23,Silver
CUST00536,Loyal Customers,55,4,4432.75,3,4,5,12,0,0.0,14,1,Not Enrolled
CUST00537,New Customers,2,1,447.58,5,1,1,7,0,0.0,4,5,Not Enrolled
CUST00538,Champions,70,6,4026.69,3,5,5,13,0,0.0,5,10,Not Enrolled
CUST00539,Needs Attention,65,8,7874.25,3,5,5,13,3,0.0,1,11,Silver
CUST00540,Needs Attention,56,7,5087.94,3,5,5,13,3,0.0,3,16,Gold
CUST00541,At-Risk,132,5,3404.94,2,4,4,10,1,0.0,1,31,Not Enrolled
CUST00542,Dormant,54,1,576.88,3,1,1,5,0,0.0,1,15,Not Enrolled
CUST00543,At-Risk,197,4,2320.55,1,4,3,8,0,0.0,2,37,Not Enrolled
CUST00544,Dormant,85,2,2284.46,3,2,3,8,0,0.0,6,21,Gold
CUST00545,New Customers,1,1,603.57,5,1,1,7,1,0.0,9,0,Silver
CUST00546,New Customers,3,2,2127.37,5,2,3,10,0,0.0,12,0,Silver
CUST00547,Needs Attention,39,1,1001.24,4,1,2,7,1,100.0,6,10,Gold
CUST00548,Dormant,165,1,858.7,1,1,2,4,0,0.0,6,24,Not Enrolled
CUST00549,Dormant,132,2,1035.57,2,2,2,6,1,0.0,1,31,Silver
CUST00550,New Customers,11,1,525.8,5,1,1,7,0,0.0,0,3,Not Enrolled
CUST00551,Dormant,25,3,1964.0,4,3,3,10,0,0.0,10,8,Gold
CUST00552,New Customers,4,1,567.45,5,1,1,7,0,0.0,12,1,Gold
CUST00553,At-Risk,293,4,3183.11,1,4,4,9,0,0.0,2,56,Not Enrolled
CUST00554,Dormant,7,3,1402.26,5,3,2,10,0,0.0,10,8,Platinum
CUST00555,Needs Attention,45,3,1924.03,4,3,3,10,2,0.0,3,2,Gold
CUST00556,New Customers,26,1,936.16,4,1,2,7,1,0.0,1,0,Not Enrolled
CUST00557,Champions,16,6,4460.42,5,5,5,15,1,0.0,17,16,Silver
CUST00558,Dormant,399,2,679.0699999999999,1,2,1,4,0,0.0,1,60,Not Enrolled
CUST00559,New Customers,1,2,1344.49,5,2,2,9,0,0.0,2,0,Not Enrolled
CUST00560,Dormant,231,1,1135.13,1,1,2,4,0,0.0,1,51,Not Enrolled
CUST00561,New Customers,4,1,256.33,5,1,1,7,1,0.0,16,0,Gold
CUST00562,Needs Attention,259,2,899.8599999999999,1,2,2,5,2,50.0,1,45,Not Enrolled
CUST00563,Dormant,105,2,887.86,2,2,2,6,0,0.0,1,20,Silver
CUST00564,Needs Attention,130,8,4592.1900000000005,2,5,5,12,3,0.0,10,27,Gold
CUST00565,New Customers,39,1,275.55,4,1,1,6,0,0.0,10,7,Platinum
CUST00566,New Customers,22,1,657.76,4,1,1,6,0,0.0,25,3,Not Enrolled
CUST00567,Champions,3,8,4922.05,5,5,5,15,1,0.0,9,0,Not Enrolled
CUST00568,New Customers,34,1,482.12,4,1,1,6,0,0.0,3,10,Silver
CUST00569,Dormant,113,1,430.0,2,1,1,4,0,0.0,7,23,Not Enrolled
CUST00570,Needs Attention,168,3,2545.7200000000003,1,3,3,7,1,33.3,0,27,Not Enrolled
CUST00571,Needs Attention,32,1,598.14,4,1,1,6,1,100.0,5,4,Not Enrolled
CUST00572,Loyal Customers,51,6,3305.75,3,5,4,12,0,0.0,8,24,Not Enrolled
CUST00573,At-Risk,125,5,2912.39,2,4,4,10,1,0.0,0,25,Silver
CUST00574,Champions,5,7,5871.91,5,5,5,15,1,0.0,14,0,Gold
CUST00575,Dormant,83,1,548.72,3,1,1,5,1,0.0,6,32,Silver
CUST00576,New Customers,46,2,799.27,4,2,2,8,0,0.0,15,27,Not Enrolled
CUST00577,Loyal Customers,72,5,3560.2299999999996,3,4,4,11,1,0.0,7,26,Platinum
CUST00578,At-Risk,376,2,3054.7200000000003,1,2,4,7,0,0.0,2,60,Not Enrolled
CUST00579,New Customers,10,1,301.68,5,1,1,7,0,0.0,1,1,Not Enrolled
CUST00580,Dormant,74,1,713.84,3,1,1,5,0,0.0,4,17,Not Enrolled
CUST00581,Dormant,76,2,1527.79,3,2,2,7,0,0.0,0,11,Gold
CUST00582,Dormant,286,1,392.06,1,1,1,3,1,0.0,2,60,Not Enrolled
CUST00583,At-Risk,263,4,3652.46,1,4,4,9,1,0.0,2,51,Not Enrolled
CUST00584,Dormant,83,1,591.05,3,1,1,5,0,0.0,9,12,Not Enrolled
CUST00585,Needs Attention,113,8,5368.63,2,5,5,12,2,0.0,15,9,Not Enrolled
CUST00586,Needs Attention,128,4,1853.61,2,4,3,9,2,0.0,1,22,Gold
CUST00587,New Customers,18,1,275.79,5,1,1,7,0,0.0,10,7,Gold
CUST00588,Dormant,76,1,649.95,3,1,1,5,0,0.0,6,0,Silver
CUST00589,Loyal Customers,71,5,4196.7699999999995,3,4,5,12,1,0.0,4,0,Silver
CUST00590,Needs Attention,140,3,3961.05,2,3,4,9,2,0.0,7,25,Not Enrolled
CUST00591,Dormant,69,2,1767.15,3,2,3,8,1,0.0,2,11,Not Enrolled
CUST00592,New Customers,20,2,1084.48,5,2,2,9,0,0.0,3,1,Not Enrolled
CUST00593,Loyal Customers,29,5,3602.31,4,4,4,12,1,0.0,9,19,Platinum
CUST00594,Dormant,91,1,448.78,2,1,1,4,0,0.0,0,16,Not Enrolled
CUST00595,Champions,20,5,2849.27,5,4,4,13,0,0.0,9,6,Silver
CUST00596,Needs Attention,50,4,2927.96,3,4,4,11,3,0.0,13,9,Gold
CUST00597,Needs Attention,52,4,3041.18,3,4,4,11,2,0.0,0,9,Silver
CUST00598,New Customers,7,2,1082.0300000000002,5,2,2,9,0,0.0,20,13,Not Enrolled
CUST00599,At-Risk,169,4,2898.52,1,4,4,9,1,0.0,2,29,Not Enrolled
CUST00600,At-Risk,263,3,1248.1399999999999,1,3,2,6,0,0.0,3,53,Not Enrolled
CUST00601,Dormant,70,1,537.85,3,1,1,5,0,0.0,8,15,Gold
CUST00602,Dormant,91,1,171.18,2,1,1,4,0,0.0,5,21,Gold
CUST00603,Needs Attention,10,9,4869.21,5,5,5,15,4,0.0,12,0,Gold
CUST00604,Dormant,90,1,761.72,2,1,1,4,0,0.0,2,16,Not Enrolled
CUST00605,Needs Attention,160,5,3199.79,1,4,4,9,2,0.0,8,33,Silver
CUST00606,Dormant,120,1,240.15,2,1,1,4,0,0.0,7,28,Gold
CUST00607,At-Risk,249,3,2332.76,1,3,3,7,0,0.0,9,55,Not Enrolled
CUST00608,Dormant,27,3,2455.49,4,3,3,10,1,0.0,7,5,Gold
CUST00609,Needs Attention,6,5,4581.16,5,4,5,14,2,0.0,6,0,Silver
CUST00610,Needs Attention,22,5,3975.59,4,4,4,12,2,40.0,10,7,Not Enrolled
CUST00611,Needs Attention,235,4,3472.66,1,4,4,9,3,25.0,5,60,Not Enrolled
CUST00612,Dormant,48,2,2120.98,3,2,3,8,0,0.0,9,1,Platinum
CUST00613,Needs Attention,4,6,4895.57,5,5,5,15,2,0.0,14,7,Silver
CUST00614,Dormant,196,1,267.96,1,1,1,3,0,0.0,1,38,Gold
CUST00615,Needs Attention,34,1,446.03,4,1,1,6,1,100.0,4,6,Not Enrolled
CUST00616,Loyal Customers,36,5,2628.3,4,4,4,12,1,0.0,10,16,Not Enrolled
CUST00617,Needs Attention,14,10,5456.37,5,5,5,15,5,10.0,8,7,Not Enrolled
CUST00618,At-Risk,92,2,1570.53,2,2,3,7,0,0.0,8,2,Gold
CUST00619,Loyal Customers,2,5,2211.2000000000003,5,4,3,12,0,0.0,8,12,Not Enrolled
CUST00620,Dormant,90,1,449.48,2,1,1,4,1,0.0,17,30,Silver
CUST00621,Dormant,92,1,348.53,2,1,1,4,0,0.0,6,14,Not Enrolled
CUST00622,At-Risk,180,3,2009.7800000000002,1,3,3,7,0,0.0,1,41,Not Enrolled
CUST00623,Needs Attention,108,4,1945.71,2,4,3,9,2,25.0,18,15,Silver
CUST00624,Dormant,232,1,270.09,1,1,1,3,0,0.0,4,60,Silver
CUST00625,Loyal Customers,66,4,2155.58,3,4,3,10,0,0.0,2,0,Not Enrolled
CUST00626,New Customers,9,2,1214.38,5,2,2,9,1,0.0,12,0,Platinum
CUST00627,Dormant,75,3,2765.27,3,3,4,10,1,0.0,6,17,Silver
CUST00628,Needs Attention,59,3,1099.5900000000001,3,3,2,8,2,0.0,9,15,Not Enrolled
CUST00629,New Customers,44,1,442.4,4,1,1,6,0,0.0,2,3,Gold
CUST00630,At-Risk,93,3,2512.7,2,3,3,8,0,0.0,20,13,Platinum
CUST00631,Needs Attention,68,10,6076.9,3,5,5,13,2,10.0,0,5,Silver
CUST00632,Dormant,61,1,1078.63,3,1,2,6,0,0.0,11,0,Gold
CUST00633,New Customers,33,1,1619.36,4,1,3,8,0,0.0,4,0,Not Enrolled
CUST00634,Needs Attention,118,4,1711.76,2,4,3,9,2,25.0,1,32,Not Enrolled
CUST00635,Dormant,134,1,1016.46,2,1,2,5,0,0.0,1,13,Gold
CUST00636,Dormant,72,2,2158.95,3,2,3,8,0,0.0,1,24,Silver
CUST00637,Loyal Customers,60,5,5246.29,3,4,5,12,1,0.0,1,15,Silver
CUST00638,At-Risk,173,6,3093.33,1,5,4,10,0,0.0,0,44,Not Enrolled
CUST00639,At-Risk,369,3,2753.19,1,3,4,8,0,0.0,1,58,Not Enrolled
CUST00640,Dormant,130,1,641.86,2,1,1,4,0,0.0,0,25,Not Enrolled
CUST00641,Champions,35,6,5481.38,4,5,5,14,1,0.0,5,0,Not Enrolled
CUST00642,Dormant,18,3,1654.45,5,3,3,11,0,0.0,4,12,Silver
CUST00643,Dormant,155,1,1091.34,1,1,2,4,0,0.0,14,33,Silver
CUST00644,Loyal Customers,78,7,3822.27,3,5,4,12,0,0.0,0,25,Not Enrolled
CUST00645,Needs Attention,252,3,2730.59,1,3,4,8,2,0.0,0,47,Not Enrolled
CUST00646,At-Risk,117,6,5934.01,2,5,5,12,1,16.7,5,20,Silver
CUST00647,Dormant,64,1,507.52,3,1,1,5,1,0.0,2,9,Gold
CUST00648,New Customers,31,1,1298.17,4,1,2,7,0,0.0,3,16,Not Enrolled
CUST00649,Needs Attention,124,6,3181.62,2,5,4,11,4,16.7,5,16,Silver
CUST00650,Dormant,59,3,2622.0099999999998,3,3,4,10,0,0.0,6,5,Silver
CUST00651,Champions,34,7,5105.77,4,5,5,14,0,0.0,6,5,Silver
CUST00652,Loyal Customers,75,4,4491.29,3,4,5,12,0,0.0,13,13,Gold
CUST00653,New Customers,32,2,2037.83,4,2,3,9,0,0.0,19,11,Not Enrolled
CUST00654,Needs Attention,8,6,5827.77,5,5,5,15,2,33.3,8,0,Not Enrolled
CUST00655,Champions,79,8,5295.41,3,5,5,13,0,0.0,0,15,Silver
CUST00656,Loyal Customers,67,4,3207.37,3,4,4,11,1,0.0,16,6,Not Enrolled
CUST00657,Loyal Customers,63,4,1287.49,3,4,2,9,1,25.0,5,8,Silver
CUST00658,At-Risk,219,2,2355.97,1,2,3,6,1,0.0,3,29,Not Enrolled
CUST00659,New Customers,16,1,883.27,5,1,2,8,0,0.0,21,0,Platinum
CUST00660,New Customers,43,1,573.43,4,1,1,6,0,0.0,7,8,Silver
CUST00661,At-Risk,180,3,1105.96,1,3,2,6,1,0.0,1,33,Not Enrolled
CUST00662,Dormant,124,1,852.96,2,1,2,5,0,0.0,2,28,Not Enrolled
CUST00663,Needs Attention,64,8,5700.78,3,5,5,13,2,12.5,14,26,Not Enrolled
CUST00664,New Customers,20,1,237.27,5,1,1,7,1,0.0,1,0,Not Enrolled
CUST00665,Needs Attention,35,9,6480.29,4,5,5,14,2,11.1,3,3,Not Enrolled
CUST00666,New Customers,3,1,540.99,5,1,1,7,1,0.0,1,10,Silver
CUST00667,Needs Attention,25,5,5036.26,4,4,5,13,2,20.0,7,9,Not Enrolled
CUST00668,New Customers,42,2,952.4100000000001,4,2,2,8,0,0.0,3,10,Not Enrolled
CUST00669,Dormant,57,3,2774.7599999999998,3,3,4,10,0,0.0,1,0,Not Enrolled
CUST00670,At-Risk,242,4,3756.69,1,4,4,9,1,0.0,0,52,Not Enrolled
CUST00671,Champions,2,8,5453.93,5,5,5,15,1,0.0,13,7,Not Enrolled
CUST00672,Dormant,141,1,434.37,2,1,1,4,0,0.0,10,18,Not Enrolled
CUST00673,Dormant,118,1,1297.2,2,1,2,5,0,0.0,1,28,Silver
CUST00674,Champions,56,8,4178.67,3,5,5,13,0,0.0,14,12,Not Enrolled
CUST00675,At-Risk,130,5,6478.51,2,4,5,11,0,0.0,8,35,Silver
CUST00676,New Customers,6,1,714.17,5,1,1,7,1,0.0,9,0,Not Enrolled
CUST00677,New Customers,6,1,291.61,5,1,1,7,0,0.0,1,13,Not Enrolled
CUST00678,Dormant,196,2,1145.87,1,2,2,5,0,0.0,1,26,Not Enrolled
CUST00679,Needs Attention,83,8,6252.95,3,5,5,13,2,0.0,3,18,Not Enrolled
CUST00680,Dormant,215,1,1087.83,1,1,2,4,0,0.0,1,41,Gold
CUST00681,Needs Attention,211,1,1372.4,1,1,2,4,1,100.0,1,35,Not Enrolled
CUST00682,New Customers,19,1,1238.23,5,1,2,8,1,0.0,6,7,Silver
CUST00683,Needs Attention,0,3,3422.7,5,3,4,12,2,0.0,7,0,Not Enrolled
CUST00684,At-Risk,140,4,2472.73,2,4,3,9,1,0.0,2,2,Gold
CUST00685,New Customers,2,1,1158.09,5,1,2,8,0,0.0,3,0,Not Enrolled
CUST00686,At-Risk,127,3,1409.0900000000001,2,3,2,7,0,0.0,21,20,Silver
CUST00687,At-Risk,117,5,4129.24,2,4,5,11,0,0.0,1,34,Not Enrolled
CUST00688,Champions,13,5,3552.34,5,4,4,13,1,20.0,1,0,Silver
CUST00689,Loyal Customers,70,4,4514.3099999999995,3,4,5,12,0,0.0,13,19,Gold
CUST00690,Champions,4,5,5697.91,5,4,5,14,1,0.0,11,10,Not Enrolled
CUST00691,Dormant,61,3,2927.57,3,3,4,10,0,0.0,14,18,Not Enrolled
CUST00692,Dormant,58,3,1850.73,3,3,3,9,0,0.0,0,16,Not Enrolled
CUST00693,Needs Attention,147,5,6136.5,2,4,5,11,2,0.0,0,5,Gold
CUST00694,Dormant,74,1,345.14,3,1,1,5,0,0.0,14,12,Not Enrolled
CUST00695,Dormant,198,1,616.85,1,1,1,3,1,0.0,4,48,Not Enrolled
CUST00696,Champions,40,5,4814.21,4,4,5,13,1,0.0,1,8,Silver
CUST00697,At-Risk,247,4,3657.69,1,4,4,9,1,25.0,1,47,Not Enrolled
CUST00698,Needs Attention,14,8,5318.95,5,5,5,15,4,37.5,11,16,Gold
CUST00699,Loyal Customers,47,4,2191.5099999999998,3,4,3,10,0,0.0,15,20,Not Enrolled
CUST00700,Loyal Customers,49,4,3589.62,3,4,4,11,0,0.0,1,22,Not Enrolled
CUST00701,At-Risk,122,5,6476.26,2,4,5,11,1,0.0,10,26,Silver
CUST00702,Needs Attention,77,6,8044.75,3,5,5,13,2,16.7,2,16,Silver
CUST00703,Dormant,104,1,360.06,2,1,1,4,0,0.0,3,27,Not Enrolled
CUST00704,Loyal Customers,22,4,3057.83,4,4,4,12,1,0.0,12,0,Not Enrolled
CUST00705,Needs Attention,12,1,872.61,5,1,2,8,1,100.0,1,5,Not Enrolled
CUST00706,New Customers,2,1,439.07,5,1,1,7,0,0.0,2,0,Not Enrolled
CUST00707,Needs Attention,189,3,2254.12,1,3,3,7,2,0.0,10,19,Not Enrolled
CUST00708,Champions,45,6,5342.67,4,5,5,14,1,0.0,5,5,Not Enrolled
CUST00709,At-Risk,129,1,1966.47,2,1,3,6,0,0.0,0,17,Not Enrolled
CUST00710,Needs Attention,16,8,5514.42,5,5,5,15,2,0.0,8,0,Silver
CUST00711,Needs Attention,19,8,5430.3,5,5,5,15,2,12.5,10,13,Platinum
CUST00712,Loyal Customers,4,4,1928.79,5,4,3,12,1,0.0,2,0,Not Enrolled
CUST00713,Needs Attention,3,9,9076.15,5,5,5,15,3,11.1,10,0,Gold
CUST00714,Champions,40,6,2681.75,4,5,4,13,1,16.7,2,0,Silver
CUST00715,Dormant,25,3,954.63,4,3,2,9,0,0.0,4,14,Silver
CUST00716,Champions,6,6,2828.0600000000004,5,5,4,14,1,0.0,14,0,Gold
CUST00717,New Customers,0,1,884.85,5,1,2,8,0,0.0,6,7,Not Enrolled
CUST00718,Dormant,117,2,697.62,2,2,1,5,0,0.0,2,35,Not Enrolled
CUST00719,At-Risk,168,4,2610.39,1,4,4,9,1,25.0,2,38,Silver
CUST00720,Needs Attention,291,5,3086.61,1,4,4,9,2,20.0,1,53,Gold
CUST00721,New Customers,14,1,1856.99,5,1,3,9,0,0.0,8,0,Platinum
CUST00722,Needs Attention,30,1,256.54,4,1,1,6,1,100.0,1,0,Not Enrolled
CUST00723,Dormant,69,1,546.81,3,1,1,5,0,0.0,7,21,Not Enrolled
CUST00724,New Customers,8,2,1014.94,5,2,2,9,0,0.0,8,0,Silver
CUST00725,At-Risk,141,3,2162.5,2,3,3,8,0,0.0,0,37,Not Enrolled
CUST00726,Needs Attention,98,10,7976.49,2,5,5,12,4,10.0,10,19,Not Enrolled
CUST00727,Champions,8,5,3822.01,5,4,4,13,1,20.0,10,7,Not Enrolled
CUST00728,Needs Attention,66,1,396.38,3,1,1,5,1,100.0,6,17,Not Enrolled
CUST00729,Dormant,140,1,1324.83,2,1,2,5,0,0.0,1,42,Not Enrolled
CUST00730,At-Risk,232,2,1923.08,1,2,3,6,0,0.0,3,43,Not Enrolled
CUST00731,Dormant,136,2,1457.58,2,2,2,6,0,0.0,2,18,Gold
CUST00732,New Customers,6,1,402.61,5,1,1,7,1,0.0,6,4,Not Enrolled
CUST00733,Dormant,66,3,1661.19,3,3,3,9,0,0.0,5,8,Gold
CUST00734,Needs Attention,89,5,4981.82,2,4,5,11,2,20.0,6,30,Not Enrolled
CUST00735,Loyal Customers,12,4,1973.4,5,4,3,12,1,0.0,1,0,Not Enrolled
CUST00736,Dormant,66,3,1727.68,3,3,3,9,0,0.0,3,15,Not Enrolled
CUST00737,New Customers,24,1,872.88,4,1,2,7,0,0.0,1,4,Silver
CUST00738,Needs Attention,78,1,545.24,3,1,1,5,1,100.0,8,25,Silver
CUST00739,New Customers,24,1,1047.95,4,1,2,7,0,0.0,8,0,Gold
CUST00740,At-Risk,261,5,4065.24,1,4,5,10,1,20.0,5,59,Not Enrolled
CUST00741,At-Risk,225,3,1798.7,1,3,3,7,0,0.0,3,52,Gold
CUST00742,Dormant,49,2,1288.91,3,2,2,7,0,0.0,5,8,Not Enrolled
CUST00743,Champions,1,5,2957.78,5,4,4,13,1,20.0,3,18,Silver
CUST00744,Dormant,65,2,1108.58,3,2,2,7,0,0.0,2,25,Not Enrolled
CUST00745,New Customers,1,1,1077.53,5,1,2,8,0,0.0,14,4,Silver
CUST00746,At-Risk,177,2,1625.12,1,2,3,6,0,0.0,0,17,Not Enrolled
CUST00747,New Customers,11,1,1123.87,5,1,2,8,1,0.0,13,7,Not Enrolled
CUST00748,Champions,58,7,4244.5,3,5,5,13,1,0.0,5,0,Not Enrolled
CUST00749,New Customers,11,2,1514.65,5,2,2,9,0,0.0,13,11,Not Enrolled
CUST00750,Dormant,49,3,2474.98,3,3,3,9,0,0.0,8,4,Not Enrolled
CUST00751,New Customers,15,1,657.24,5,1,1,7,0,0.0,8,5,Silver
CUST00752,Dormant,97,2,1319.5500000000002,2,2,2,6,1,0.0,2,33,Not Enrolled
CUST00753,Dormant,143,1,1093.17,2,1,2,5,0,0.0,9,40,Not Enrolled
CUST00754,New Customers,37,2,3639.05,4,2,4,10,1,0.0,18,4,Gold
CUST00755,Needs Attention,200,2,1585.3600000000001,1,2,3,6,1,50.0,12,45,Not Enrolled
CUST00756,Needs Attention,113,3,3223.87,2,3,4,9,2,0.0,0,17,Silver
CUST00757,Dormant,8,3,1807.24,5,3,3,11,0,0.0,4,0,Silver
CUST00758,Champions,78,10,6808.01,3,5,5,13,0,0.0,13,19,Not Enrolled
CUST00759,New Customers,38,2,1562.24,4,2,3,9,0,0.0,4,21,Gold
CUST00760,Needs Attention,162,2,1132.19,1,2,2,5,1,50.0,1,37,Not Enrolled
CUST00761,Dormant,193,2,1069.58,1,2,2,5,0,0.0,1,41,Not Enrolled
CUST00762,Needs Attention,46,2,2784.5699999999997,4,2,4,10,1,50.0,8,25,Not Enrolled
CUST00763,At-Risk,188,4,4210.57,1,4,5,10,0,0.0,0,47,Silver
CUST00764,Loyal Customers,23,4,3245.93,4,4,4,12,0,0.0,8,1,Silver
CUST00765,At-Risk,98,3,2692.35,2,3,4,9,1,0.0,2,12,Not Enrolled
CUST00766,At-Risk,166,2,1783.35,1,2,3,6,0,0.0,7,46,Not Enrolled
CUST00767,Needs Attention,75,7,3498.46,3,5,4,12,3,0.0,7,18,Gold
CUST00768,Dormant,21,3,2361.23,4,3,3,10,1,0.0,3,7,Not Enrolled
CUST00769,Needs Attention,18,6,2815.44,5,5,4,14,2,0.0,2,0,Silver
CUST00770,Dormant,27,3,2711.16,4,3,4,11,1,0.0,12,0,Silver
CUST00771,Dormant,90,1,456.76,2,1,1,4,1,0.0,8,0,Gold
CUST00772,At-Risk,190,3,3114.63,1,3,4,8,0,0.0,9,27,Silver
CUST00773,Dormant,71,3,2278.26,3,3,3,9,1,0.0,4,3,Gold
CUST00774,At-Risk,101,3,1439.8,2,3,2,7,0,0.0,2,28,Silver
CUST00775,New Customers,23,1,1298.92,4,1,2,7,0,0.0,8,10,Not Enrolled
CUST00776,At-Risk,135,4,3024.9399999999996,2,4,4,10,0,0.0,0,35,Not Enrolled
CUST00777,New Customers,10,1,720.41,5,1,1,7,0,0.0,2,1,Not Enrolled
CUST00778,At-Risk,331,4,3444.29,1,4,4,9,1,0.0,1,57,Silver
CUST00779,New Customers,6,1,416.15,5,1,1,7,0,0.0,3,0,Not Enrolled
CUST00780,Needs Attention,36,4,3232.4,4,4,4,12,3,25.0,12,9,Silver
CUST00781,Dormant,49,1,442.8,3,1,1,5,0,0.0,4,14,Gold
CUST00782,Dormant,194,1,505.28,1,1,1,3,0,0.0,1,41,Silver
CUST00783,At-Risk,232,6,4123.36,1,5,5,11,1,0.0,3,49,Not Enrolled
CUST00784,Loyal Customers,45,5,3103.73,4,4,4,12,0,0.0,11,0,Not Enrolled
CUST00785,Champions,11,6,3144.23,5,5,4,14,1,0.0,5,15,Not Enrolled
CUST00786,Needs Attention,150,5,5359.3,1,4,5,10,3,20.0,1,28,Silver
CUST00787,Needs Attention,48,7,5769.13,3,5,5,13,2,0.0,2,7,Not Enrolled
CUST00788,Dormant,49,1,1408.44,3,1,2,6,0,0.0,8,11,Not Enrolled
CUST00789,Dormant,55,3,1689.1100000000001,3,3,3,9,0,0.0,1,0,Silver
CUST00790,Dormant,78,1,458.83,3,1,1,5,1,0.0,9,20,Gold
CUST00791,Dormant,230,1,1187.93,1,1,2,4,1,0.0,0,46,Not Enrolled
CUST00792,At-Risk,148,6,2976.79,1,5,4,10,1,0.0,4,39,Platinum
CUST00793,At-Risk,113,3,2463.2,2,3,3,8,0,0.0,1,4,Silver
CUST00794,Needs Attention,171,5,2824.37,1,4,4,9,2,0.0,7,39,Gold
CUST00795,At-Risk,138,4,3787.58,2,4,4,10,0,0.0,2,30,Gold
CUST00796,At-Risk,151,3,5388.48,1,3,5,9,0,0.0,8,19,Silver
CUST00797,Champions,9,5,2975.27,5,4,4,13,0,0.0,7,9,Platinum
CUST00798,Champions,57,10,6339.86,3,5,5,13,1,0.0,8,5,Gold
CUST00799,Loyal Customers,56,6,3798.88,3,5,4,12,1,0.0,2,7,Gold
CUST00800,Needs Attention,12,10,9558.37,5,5,5,15,4,20.0,7,0,Not Enrolled
CUST00801,Dormant,76,3,3345.79,3,3,4,10,1,0.0,1,15,Not Enrolled
CUST00802,At-Risk,201,1,1787.0,1,1,3,5,0,0.0,1,48,Silver
CUST00803,Champions,53,7,5289.43,3,5,5,13,1,0.0,2,16,Not Enrolled
CUST00804,New Customers,14,1,969.91,5,1,2,8,0,0.0,7,7,Not Enrolled
CUST00805,New Customers,41,1,780.79,4,1,2,7,0,0.0,8,18,Gold
CUST00806,New Customers,21,1,976.95,4,1,2,7,0,0.0,11,7,Not Enrolled
CUST00807,At-Risk,112,2,1827.0300000000002,2,2,3,7,0,0.0,4,14,Not Enrolled
CUST00808,Needs Attention,53,5,2738.81,3,4,4,11,2,20.0,16,21,Silver
CUST00809,Needs Attention,22,3,1886.26,4,3,3,10,2,33.3,12,1,Not Enrolled
CUST00810,Dormant,217,1,528.93,1,1,1,3,0,0.0,0,37,Not Enrolled
CUST00811,At-Risk,184,6,3477.9399999999996,1,5,4,10,0,0.0,2,30,Gold
CUST00812,Dormant,189,1,383.16,1,1,1,3,0,0.0,0,27,Silver
CUST00813,Needs Attention,5,9,9628.83,5,5,5,15,4,0.0,11,1,Platinum
CUST00814,At-Risk,88,3,3998.29,2,3,4,9,0,0.0,14,16,Not Enrolled
CUST00815,Needs Attention,137,3,3282.1400000000003,2,3,4,9,2,0.0,3,31,Silver
CUST00816,Dormant,59,2,2688.92,3,2,4,9,1,0.0,7,15,Not Enrolled
CUST00817,Champions,9,14,11008.85,5,5,5,15,1,0.0,13,0,Platinum
CUST00818,Dormant,147,1,988.84,2,1,2,5,1,0.0,1,36,Not Enrolled
CUST00819,Loyal Customers,28,4,2164.49,4,4,3,11,1,0.0,5,0,Not Enrolled
CUST00820,Dormant,189,2,935.6700000000001,1,2,2,5,0,0.0,4,46,Not Enrolled
CUST00821,Needs Attention,94,3,1248.56,2,3,2,7,2,33.3,6,27,Silver
CUST00822,Champions,76,6,4218.62,3,5,5,13,1,0.0,10,30,Not Enrolled
CUST00823,Needs Attention,146,8,3291.63,2,5,4,11,3,25.0,2,33,Gold
CUST00824,Champions,4,4,2566.4900000000002,5,4,4,13,0,0.0,4,0,Gold
CUST00825,Dormant,97,1,410.77,2,1,1,4,0,0.0,3,31,Not Enrolled
CUST00826,Needs Attention,158,10,8171.4,1,5,5,11,2,0.0,9,34,Not Enrolled
CUST00827,Dormant,57,1,1699.04,3,1,3,7,0,0.0,4,2,Not Enrolled
CUST00828,Dormant,90,1,355.91,2,1,1,4,0,0.0,5,17,Not Enrolled
CUST00829,Champions,62,10,6268.52,3,5,5,13,1,0.0,9,6,Silver
CUST00830,Dormant,19,3,1613.9499999999998,5,3,3,11,0,0.0,11,6,Not Enrolled
CUST00831,Needs Attention,6,2,994.8299999999999,5,2,2,9,2,0.0,11,0,Platinum
CUST00832,New Customers,0,1,716.8,5,1,1,7,0,0.0,9,0,Not Enrolled
CUST00833,Dormant,67,1,1142.84,3,1,2,6,0,0.0,6,4,Gold
CUST00834,Loyal Customers,2,4,2049.66,5,4,3,12,1,0.0,6,6,Not Enrolled
CUST00835,At-Risk,157,9,6888.030000000001,1,5,5,11,1,11.1,8,12,Gold
CUST00836,New Customers,9,2,1640.21,5,2,3,10,0,0.0,7,0,Not Enrolled
CUST00837,New Customers,15,2,1476.76,5,2,2,9,0,0.0,7,8,Not Enrolled
CUST00838,Needs Attention,9,6,4291.93,5,5,5,15,2,0.0,11,12,Not Enrolled
CUST00839,At-Risk,162,3,1996.99,1,3,3,7,0,0.0,2,31,Not Enrolled
CUST00840,Needs Attention,58,10,9432.94,3,5,5,13,4,0.0,3,0,Not Enrolled
CUST00841,Needs Attention,99,8,6838.26,2,5,5,12,2,12.5,2,29,Not Enrolled
CUST00842,Loyal Customers,71,5,5478.280000000001,3,4,5,12,1,0.0,1,1,Not Enrolled
CUST00843,Needs Attention,45,1,803.69,4,1,2,7,1,100.0,1,3,Not Enrolled
CUST00844,New Customers,19,1,410.24,5,1,1,7,0,0.0,1,5,Silver
CUST00845,Needs Attention,96,4,2758.2200000000003,2,4,4,10,2,0.0,4,20,Not Enrolled
CUST00846,Needs Attention,41,9,7260.82,4,5,5,14,2,11.1,15,0,Not Enrolled
CUST00847,Needs Attention,4,6,6336.01,5,5,5,15,2,0.0,12,4,Not Enrolled
CUST00848,New Customers,4,1,547.18,5,1,1,7,0,0.0,8,0,Not Enrolled
CUST00849,Champions,6,7,4218.23,5,5,5,15,0,0.0,9,14,Gold
CUST00850,Needs Attention,7,2,2278.0299999999997,5,2,3,10,1,50.0,5,4,Silver
CUST00851,Needs Attention,0,2,1188.6200000000001,5,2,2,9,1,50.0,8,0,Gold
CUST00852,Dormant,66,3,1379.6599999999999,3,3,2,8,0,0.0,1,15,Gold
CUST00853,Dormant,61,1,318.94,3,1,1,5,1,0.0,9,13,Not Enrolled
CUST00854,At-Risk,279,3,2249.63,1,3,3,7,0,0.0,1,44,Silver
CUST00855,Dormant,292,1,613.47,1,1,1,3,0,0.0,1,52,Not Enrolled
CUST00856,At-Risk,135,1,2235.84,2,1,3,6,1,0.0,1,27,Silver
CUST00857,Needs Attention,67,5,5033.19,3,4,5,12,3,20.0,3,4,Not Enrolled
CUST00858,At-Risk,90,3,2363.5299999999997,2,3,3,8,0,0.0,1,13,Silver
CUST00859,At-Risk,169,4,2159.64,1,4,3,8,0,0.0,10,36,Silver
CUST00860,Dormant,79,1,1472.26,3,1,2,6,1,0.0,7,23,Not Enrolled
CUST00861,At-Risk,170,3,1530.88,1,3,2,6,1,0.0,3,29,Platinum
CUST00862,At-Risk,453,4,3934.7400000000002,1,4,4,9,0,0.0,2,60,Not Enrolled
CUST00863,Loyal Customers,25,4,2928.87,4,4,4,12,0,0.0,6,4,Not Enrolled
CUST00864,Needs Attention,138,2,1042.98,2,2,2,6,2,0.0,2,24,Not Enrolled
CUST00865,Dormant,50,2,1503.1100000000001,3,2,2,7,1,0.0,10,15,Not Enrolled
CUST00866,New Customers,26,1,1280.71,4,1,2,7,0,0.0,5,1,Not Enrolled
CUST00867,New Customers,15,1,424.64,5,1,1,7,1,0.0,6,22,Not Enrolled
CUST00868,New Customers,20,1,832.57,5,1,2,8,0,0.0,14,0,Silver
CUST00869,Needs Attention,93,6,3202.61,2,5,4,11,2,16.7,0,4,Not Enrolled
CUST00870,At-Risk,86,7,5454.610000000001,2,5,5,12,1,0.0,13,37,Not Enrolled
CUST00871,Needs Attention,122,8,7332.96,2,5,5,12,2,0.0,3,23,Not Enrolled
CUST00872,At-Risk,125,3,1959.48,2,3,3,8,0,0.0,6,24,Silver
CUST00873,Champions,3,4,4213.62,5,4,5,14,0,0.0,2,13,Not Enrolled
CUST00874,New Customers,21,1,511.56,4,1,1,6,0,0.0,7,3,Not Enrolled
CUST00875,New Customers,30,1,363.1,4,1,1,6,0,0.0,1,6,Not Enrolled
CUST00876,Needs Attention,36,3,1392.13,4,3,2,9,2,0.0,6,13,Not Enrolled
CUST00877,Dormant,63,3,1904.33,3,3,3,9,1,0.0,7,24,Silver
CUST00878,At-Risk,134,2,2578.68,2,2,4,8,0,0.0,12,14,Not Enrolled
CUST00879,At-Risk,155,6,5967.77,1,5,5,11,0,0.0,4,24,Gold
CUST00880,Loyal Customers,16,4,2399.63,5,4,3,12,1,25.0,11,21,Not Enrolled
CUST00881,Champions,4,8,9492.15,5,5,5,15,0,0.0,6,9,Not Enrolled
CUST00882,Dormant,85,2,894.79,3,2,2,7,1,0.0,2,11,Silver
CUST00883,At-Risk,126,3,6706.94,2,3,5,10,0,0.0,1,21,Not Enrolled
CUST00884,Dormant,271,1,365.93,1,1,1,3,0,0.0,1,55,Not Enrolled
CUST00885,Needs Attention,31,8,6880.8099999999995,4,5,5,14,2,12.5,10,21,Platinum
CUST00886,Needs Attention,1,5,2647.05,5,4,4,13,3,20.0,3,12,Not Enrolled
CUST00887,Needs Attention,9,3,2344.2,5,3,3,11,2,0.0,0,6,Not Enrolled
CUST00888,At-Risk,108,3,2556.74,2,3,3,8,0,0.0,0,23,Not Enrolled
CUST00889,Needs Attention,44,3,2012.98,4,3,3,10,1,33.3,2,11,Not Enrolled
CUST00890,New Customers,24,1,631.59,4,1,1,6,1,0.0,1,8,Gold
CUST00891,Dormant,13,3,3475.43,5,3,4,12,0,0.0,0,1,Not Enrolled
CUST00892,New Customers,9,1,360.98,5,1,1,7,0,0.0,5,5,Not Enrolled
CUST00893,At-Risk,99,2,2269.27,2,2,3,7,0,0.0,5,37,Not Enrolled
CUST00894,Needs Attention,25,2,1903.85,4,2,3,9,2,0.0,2,9,Not Enrolled
CUST00895,Loyal Customers,54,4,1415.7,3,4,2,9,1,0.0,14,21,Silver
CUST00896,Needs Attention,10,9,7413.08,5,5,5,15,2,11.1,3,12,Not Enrolled
CUST00897,New Customers,13,1,584.95,5,1,1,7,0,0.0,3,2,Not Enrolled
CUST00898,At-Risk,339,6,4353.639999999999,1,5,5,11,1,16.7,2,60,Not Enrolled
CUST00899,Needs Attention,187,1,574.65,1,1,1,3,1,100.0,4,47,Silver
CUST00900,Dormant,58,2,1242.65,3,2,2,7,1,0.0,1,10,Gold
CUST00901,Needs Attention,35,4,2025.21,4,4,3,11,3,0.0,9,11,Not Enrolled
CUST00902,New Customers,6,1,1318.64,5,1,2,8,0,0.0,5,0,Not Enrolled
CUST00903,New Customers,42,1,632.18,4,1,1,6,1,0.0,13,11,Silver
CUST00904,Needs Attention,41,7,5113.860000000001,4,5,5,14,4,28.6,7,2,Not Enrolled
CUST00905,Needs Attention,30,5,5594.75,4,4,5,13,2,0.0,11,0,Gold
CUST00906,New Customers,38,2,1449.41,4,2,2,8,0,0.0,3,12,Not Enrolled
CUST00907,Needs Attention,220,3,2874.51,1,3,4,8,2,0.0,2,60,Not Enrolled
CUST00908,New Customers,27,2,2799.02,4,2,4,10,1,0.0,3,0,Gold
CUST00909,Needs Attention,185,1,615.14,1,1,1,3,1,100.0,0,32,Not Enrolled
CUST00910,Dormant,127,1,1239.32,2,1,2,5,1,0.0,3,22,Not Enrolled
CUST00911,Champions,30,9,5240.42,4,5,5,14,1,11.1,2,21,Not Enrolled
CUST00912,Dormant,138,2,1516.54,2,2,2,6,0,0.0,0,35,Not Enrolled
CUST00913,At-Risk,183,3,1818.9,1,3,3,7,1,0.0,1,38,Not Enrolled
CUST00914,Dormant,36,3,1633.9099999999999,4,3,3,10,0,0.0,13,8,Gold
CUST00915,Needs Attention,113,4,2277.22,2,4,3,9,2,0.0,1,26,Silver
CUST00916,Needs Attention,20,5,4003.46,5,4,4,13,2,20.0,9,0,Not Enrolled
CUST00917,At-Risk,286,3,1704.79,1,3,3,7,1,0.0,1,60,Not Enrolled
CUST00918,Dormant,236,2,1142.22,1,2,2,5,1,0.0,1,43,Not Enrolled
CUST00919,New Customers,10,2,1976.3400000000001,5,2,3,10,1,0.0,13,5,Not Enrolled
CUST00920,Needs Attention,66,4,3650.77,3,4,4,11,2,50.0,12,12,Not Enrolled
CUST00921,Needs Attention,195,1,1335.06,1,1,2,4,1,100.0,3,49,Gold
CUST00922,New Customers,11,1,1131.6,5,1,2,8,0,0.0,9,2,Not Enrolled
CUST00923,Needs Attention,57,7,4149.83,3,5,5,13,2,0.0,8,16,Silver
CUST00924,Loyal Customers,44,4,3018.21,4,4,4,12,0,0.0,1,17,Not Enrolled
CUST00925,New Customers,44,1,464.59,4,1,1,6,1,0.0,6,0,Not Enrolled
CUST00926,Dormant,1,3,1704.96,5,3,3,11,1,0.0,5,2,Platinum
CUST00927,Dormant,343,1,617.86,1,1,1,3,0,0.0,1,60,Platinum
CUST00928,Dormant,229,1,325.55,1,1,1,3,0,0.0,1,60,Not Enrolled
CUST00929,New Customers,43,1,325.51,4,1,1,6,0,0.0,5,10,Not Enrolled
CUST00930,Loyal Customers,59,4,2336.4900000000002,3,4,3,10,1,25.0,9,8,Gold
CUST00931,New Customers,30,1,1030.44,4,1,2,7,0,0.0,11,9,Not Enrolled
CUST00932,Needs Attention,83,1,688.68,3,1,1,5,1,100.0,12,29,Gold
CUST00933,At-Risk,205,3,2102.12,1,3,3,7,0,0.0,0,41,Silver
CUST00934,Needs Attention,44,10,6237.47,4,5,5,14,3,10.0,4,15,Not Enrolled
CUST00935,Loyal Customers,28,5,3594.4,4,4,4,12,0,0.0,7,9,Gold
CUST00936,New Customers,35,2,2188.31,4,2,3,9,1,0.0,3,3,Silver
CUST00937,At-Risk,126,5,3342.44,2,4,4,10,1,0.0,2,10,Not Enrolled
CUST00938,Dormant,26,3,4729.23,4,3,5,12,1,0.0,2,0,Not Enrolled
CUST00939,New Customers,9,1,560.91,5,1,1,7,0,0.0,7,0,Not Enrolled
CUST00940,Needs Attention,236,2,1727.24,1,2,3,6,2,100.0,0,49,Not Enrolled
CUST00941,Needs Attention,183,5,3758.0600000000004,1,4,4,9,2,0.0,6,46,Not Enrolled
CUST00942,Needs Attention,7,1,407.18,5,1,1,7,1,100.0,4,5,Not Enrolled
CUST00943,At-Risk,346,5,3965.95,1,4,4,9,0,0.0,2,60,Silver
CUST00944,Champions,74,6,4456.65,3,5,5,13,1,16.7,1,15,Gold
CUST00945,New Customers,4,1,1143.18,5,1,2,8,0,0.0,5,0,Not Enrolled
CUST00946,Dormant,173,1,542.29,1,1,1,3,0,0.0,4,35,Not Enrolled
CUST00947,Needs Attention,41,9,8603.45,4,5,5,14,2,11.1,0,19,Not Enrolled
CUST00948,Dormant,79,1,923.64,3,1,2,6,0,0.0,11,19,Not Enrolled
CUST00949,Dormant,130,2,1269.04,2,2,2,6,0,0.0,2,17,Not Enrolled
CUST00950,At-Risk,209,3,3765.9,1,3,4,8,1,0.0,5,50,Not Enrolled
CUST00951,Dormant,62,1,602.19,3,1,1,5,0,0.0,6,6,Gold
CUST00952,Champions,42,8,4710.47,4,5,5,14,0,0.0,16,13,Gold
CUST00953,Needs Attention,9,3,1925.94,5,3,3,11,1,33.3,5,0,Silver
CUST00954,New Customers,25,2,769.86,4,2,1,7,0,0.0,12,5,Not Enrolled
CUST00955,Dormant,63,2,748.92,3,2,1,6,0,0.0,4,16,Not Enrolled
CUST00956,Needs Attention,31,7,5800.25,4,5,5,14,2,0.0,10,15,Gold
CUST00957,Needs Attention,37,3,1481.5,4,3,2,9,1,33.3,5,6,Not Enrolled
CUST00958,Dormant,160,2,1033.42,1,2,2,5,1,0.0,2,23,Silver
CUST00959,Loyal Customers,63,7,3865.13,3,5,4,12,1,14.3,0,20,Silver
CUST00960,Needs Attention,146,4,3772.4900000000002,2,4,4,10,2,25.0,1,16,Not Enrolled
CUST00961,At-Risk,151,6,4247.5599999999995,1,5,5,11,1,16.7,2,43,Not Enrolled
CUST00962,Needs Attention,22,1,349.41,4,1,1,6,1,100.0,9,19,Not Enrolled
CUST00963,Dormant,103,1,641.2,2,1,1,4,0,0.0,9,20,Not Enrolled
CUST00964,At-Risk,219,3,2167.08,1,3,3,7,0,0.0,0,47,Not Enrolled
CUST00965,Needs Attention,8,2,507.14,5,2,1,8,2,0.0,5,1,Silver
CUST00966,New Customers,40,1,2196.79,4,1,3,8,1,0.0,4,19,Not Enrolled
CUST00967,Needs Attention,218,2,2065.27,1,2,3,6,1,50.0,2,53,Not Enrolled
CUST00968,At-Risk,98,6,6505.79,2,5,5,12,1,0.0,12,4,Not Enrolled
CUST00969,Loyal Customers,31,4,2654.59,4,4,4,12,1,0.0,14,16,Gold
CUST00970,At-Risk,188,3,1607.64,1,3,3,7,1,0.0,6,15,Not Enrolled
CUST00971,Champions,62,8,5099.62,3,5,5,13,1,0.0,20,9,Not Enrolled
CUST00972,Loyal Customers,64,5,5941.2,3,4,5,12,1,0.0,5,8,Not Enrolled
CUST00973,Needs Attention,22,7,2980.9700000000003,4,5,4,13,2,0.0,4,4,Silver
CUST00974,Needs Attention,79,5,3559.55,3,4,4,11,2,20.0,11,12,Gold
CUST00975,Loyal Customers,50,4,2517.6099999999997,3,4,3,10,0,0.0,11,4,Silver
CUST00976,Needs Attention,5,7,5735.389999999999,5,5,5,15,2,14.3,9,4,Not Enrolled
CUST00977,New Customers,5,2,1375.4499999999998,5,2,2,9,0,0.0,9,8,Not Enrolled
CUST00978,Dormant,307,1,725.16,1,1,1,3,1,0.0,0,56,Not Enrolled
CUST00979,At-Risk,103,8,6304.8099999999995,2,5,5,12,1,0.0,5,28,Silver
CUST00980,Dormant,81,1,492.33,3,1,1,5,0,0.0,4,21,Silver
CUST00981,At-Risk,103,8,6263.0,2,5,5,12,1,0.0,6,22,Gold
CUST00982,Needs Attention,90,4,1862.8899999999999,2,4,3,9,3,0.0,4,11,Not Enrolled
CUST00983,At-Risk,256,2,1982.29,1,2,3,6,1,0.0,1,43,Not Enrolled
CUST00984,New Customers,44,2,1055.25,4,2,2,8,0,0.0,3,3,Silver
CUST00985,Dormant,85,1,734.6,3,1,1,5,1,0.0,5,20,Not Enrolled
CUST00986,Loyal Customers,62,5,3357.17,3,4,4,11,0,0.0,1,3,Not Enrolled
CUST00987,Champions,7,5,5784.1,5,4,5,14,1,0.0,2,0,Gold
CUST00988,Champions,3,6,4188.58,5,5,5,15,0,0.0,3,1,Not Enrolled
CUST00989,At-Risk,158,5,4165.87,1,4,5,10,0,0.0,0,47,Not Enrolled
CUST00990,Needs Attention,167,8,6096.85,1,5,5,11,2,12.5,6,37,Not Enrolled
CUST00991,Needs Attention,41,11,11394.83,4,5,5,14,2,0.0,9,16,Gold
CUST00992,At-Risk,272,5,4442.45,1,4,5,10,0,0.0,6,46,Not Enrolled
CUST00993,At-Risk,164,7,6785.33,1,5,5,11,1,0.0,1,39,Not Enrolled
CUST00994,Loyal Customers,52,5,4659.69,3,4,5,12,0,0.0,8,5,Silver
CUST00995,At-Risk,159,4,2523.84,1,4,3,8,0,0.0,6,33,Not Enrolled
CUST00996,Needs Attention,8,6,3267.7200000000003,5,5,4,14,3,0.0,14,3,Not Enrolled
CUST00997,Dormant,180,1,325.85,1,1,1,3,1,0.0,4,36,Not Enrolled
CUST00998,Loyal Customers,63,4,3519.26,3,4,4,11,0,0.0,6,23,Silver
CUST00999,Needs Attention,148,7,4930.56,1,5,5,11,2,0.0,0,28,Silver
CUST01000,Dormant,52,3,2789.66,3,3,4,10,1,0.0,3,19,Not Enrolled
CUST01001,At-Risk,313,5,4064.54,1,4,5,10,0,0.0,1,57,Silver
CUST01002,Loyal Customers,71,5,2761.33,3,4,4,11,0,0.0,11,12,Silver
CUST01003,Dormant,138,1,944.62,2,1,2,5,1,0.0,6,43,Not Enrolled
CUST01004,At-Risk,215,7,5599.9,1,5,5,11,1,0.0,1,49,Not Enrolled
CUST01005,Dormant,144,1,1329.67,2,1,2,5,1,0.0,4,19,Not Enrolled
CUST01006,New Customers,4,1,404.58,5,1,1,7,0,0.0,3,4,Silver
CUST01007,At-Risk,86,4,1916.8200000000002,2,4,3,9,1,0.0,5,9,Silver
CUST01008,Dormant,269,1,473.15,1,1,1,3,0,0.0,1,50,Not Enrolled
CUST01009,New Customers,41,1,334.39,4,1,1,6,0,0.0,7,0,Not Enrolled
CUST01010,New Customers,22,1,531.29,4,1,1,6,0,0.0,3,0,Not Enrolled
CUST01011,At-Risk,365,4,1951.66,1,4,3,8,0,0.0,4,60,Not Enrolled
CUST01012,Needs Attention,30,4,2561.7,4,4,4,12,2,25.0,7,8,Not Enrolled
CUST01013,Needs Attention,307,2,1302.3899999999999,1,2,2,5,1,50.0,0,53,Not Enrolled
CUST01014,At-Risk,137,7,3972.09,2,5,4,11,1,0.0,1,23,Not Enrolled
CUST01015,Dormant,39,3,1760.74,4,3,3,10,1,0.0,12,3,Silver
CUST01016,New Customers,0,2,879.1499999999999,5,2,2,9,0,0.0,6,1,Gold
CUST01017,Needs Attention,133,5,4886.54,2,4,5,11,2,20.0,3,13,Not Enrolled
CUST01018,New Customers,4,1,403.76,5,1,1,7,1,0.0,10,7,Not Enrolled
CUST01019,Dormant,290,2,1151.0900000000001,1,2,2,5,1,0.0,4,59,Not Enrolled
CUST01020,Dormant,131,1,236.73,2,1,1,4,0,0.0,1,29,Silver
CUST01021,Needs Attention,15,2,1013.42,5,2,2,9,1,50.0,6,0,Not Enrolled
CUST01022,Dormant,252,2,1528.4,1,2,2,5,1,0.0,0,40,Not Enrolled
CUST01023,Dormant,204,1,948.21,1,1,2,4,0,0.0,8,47,Gold
CUST01024,New Customers,20,1,370.39,5,1,1,7,0,0.0,10,12,Not Enrolled
CUST01025,Needs Attention,29,5,6092.71,4,4,5,13,2,20.0,20,6,Platinum
CUST01026,Dormant,65,2,759.58,3,2,1,6,1,0.0,9,17,Not Enrolled
CUST01027,Needs Attention,58,4,4029.9500000000003,3,4,5,12,2,0.0,11,12,Not Enrolled
CUST01028,At-Risk,173,1,2809.6,1,1,4,6,0,0.0,6,45,Silver
CUST01029,Needs Attention,110,3,1246.4,2,3,2,7,2,0.0,3,12,Gold
CUST01030,Champions,32,11,8329.47,4,5,5,14,0,0.0,10,0,Silver
CUST01031,At-Risk,174,5,3089.5600000000004,1,4,4,9,1,0.0,4,48,Silver
CUST01032,New Customers,11,1,624.38,5,1,1,7,0,0.0,5,6,Silver
CUST01033,Needs Attention,14,10,5486.38,5,5,5,15,4,20.0,4,0,Not Enrolled
CUST01034,At-Risk,100,9,5240.5599999999995,2,5,5,12,0,0.0,9,22,Silver
CUST01035,Champions,5,7,3702.49,5,5,4,14,1,14.3,5,0,Not Enrolled
CUST01036,At-Risk,141,6,5297.63,2,5,5,12,0,0.0,8,29,Not Enrolled
CUST01037,New Customers,8,1,681.83,5,1,1,7,0,0.0,6,0,Silver
CUST01038,Loyal Customers,52,4,1834.46,3,4,3,10,1,0.0,4,5,Not Enrolled
CUST01039,Needs Attention,129,3,1893.67,2,3,3,8,2,33.3,12,26,Not Enrolled
CUST01040,Dormant,130,1,594.23,2,1,1,4,1,0.0,1,26,Not Enrolled
CUST01041,Dormant,164,1,149.0,1,1,1,3,0,0.0,1,34,Silver
CUST01042,New Customers,0,1,610.96,5,1,1,7,0,0.0,10,0,Not Enrolled
CUST01043,Dormant,74,1,464.25,3,1,1,5,0,0.0,1,8,Not Enrolled
CUST01044,Dormant,84,1,2141.49,3,1,3,7,0,0.0,2,21,Not Enrolled
CUST01045,At-Risk,143,2,1560.91,2,2,3,7,0,0.0,4,14,Not Enrolled
CUST01046,Dormant,105,1,1032.89,2,1,2,5,1,0.0,1,9,Not Enrolled
CUST01047,Dormant,149,1,389.07,1,1,1,3,0,0.0,2,26,Silver
CUST01048,Dormant,128,1,616.59,2,1,1,4,1,0.0,8,31,Not Enrolled
CUST01049,Dormant,144,1,345.2,2,1,1,4,0,0.0,6,25,Not Enrolled
CUST01050,New Customers,5,2,1629.56,5,2,3,10,0,0.0,8,0,Silver
CUST01051,Dormant,103,2,1390.63,2,2,2,6,1,0.0,7,26,Silver
CUST01052,Dormant,173,1,763.75,1,1,1,3,0,0.0,7,42,Gold
CUST01053,At-Risk,146,2,2622.57,2,2,4,8,1,0.0,0,32,Silver
CUST01054,Needs Attention,176,5,2628.9300000000003,1,4,4,9,2,0.0,1,41,Silver
CUST01055,At-Risk,206,4,4625.5599999999995,1,4,5,10,1,25.0,12,37,Not Enrolled
CUST01056,Needs Attention,64,6,4860.58,3,5,5,13,2,33.3,3,3,Not Enrolled
CUST01057,New Customers,2,1,916.36,5,1,2,8,1,0.0,3,10,Not Enrolled
CUST01058,Needs Attention,110,3,1535.77,2,3,2,7,2,0.0,1,25,Not Enrolled
CUST01059,Dormant,146,1,601.72,2,1,1,4,1,0.0,5,30,Platinum
CUST01060,Dormant,52,2,1762.54,3,2,3,8,1,0.0,2,10,Silver
CUST01061,Dormant,2,3,1789.86,5,3,3,11,0,0.0,11,0,Silver
CUST01062,Needs Attention,294,5,2991.27,1,4,4,9,2,0.0,1,50,Silver
CUST01063,Needs Attention,20,1,259.22,5,1,1,7,1,100.0,2,4,Not Enrolled
CUST01064,New Customers,6,2,898.3599999999999,5,2,2,9,0,0.0,9,14,Silver
CUST01065,New Customers,3,2,1035.32,5,2,2,9,1,0.0,4,3,Silver
CUST01066,New Customers,11,1,816.92,5,1,2,8,0,0.0,2,3,Not Enrolled
CUST01067,New Customers,25,2,1043.57,4,2,2,8,1,0.0,3,6,Platinum
CUST01068,At-Risk,130,5,3945.95,2,4,4,10,0,0.0,2,16,Silver
CUST01069,Dormant,55,1,1446.51,3,1,2,6,0,0.0,3,13,Gold
CUST01070,Needs Attention,11,8,5227.41,5,5,5,15,2,0.0,1,4,Not Enrolled
CUST01071,New Customers,14,1,690.61,5,1,1,7,0,0.0,7,3,Not Enrolled
CUST01072,Needs Attention,183,1,377.27,1,1,1,3,1,100.0,8,40,Not Enrolled
CUST01073,Needs Attention,80,3,4033.7000000000003,3,3,5,11,2,33.3,5,29,Not Enrolled
CUST01074,At-Risk,114,3,1784.42,2,3,3,8,0,0.0,12,18,Gold
CUST01075,Needs Attention,26,2,1464.29,4,2,2,8,2,100.0,1,0,Not Enrolled
CUST01076,Loyal Customers,83,6,2467.42,3,5,3,11,1,0.0,2,6,Silver
CUST01077,Dormant,68,1,1080.77,3,1,2,6,0,0.0,1,22,Not Enrolled
CUST01078,Dormant,156,2,777.22,1,2,2,5,1,0.0,2,39,Silver
CUST01079,At-Risk,177,1,1832.92,1,1,3,5,0,0.0,5,33,Not Enrolled
CUST01080,Needs Attention,117,3,1250.62,2,3,2,7,2,33.3,0,16,Not Enrolled
CUST01081,Champions,19,4,4027.1899999999996,5,4,5,14,1,25.0,0,19,Not Enrolled
CUST01082,New Customers,35,1,1181.66,4,1,2,7,0,0.0,4,0,Not Enrolled
CUST01083,Dormant,236,2,767.05,1,2,1,4,0,0.0,1,49,Not Enrolled
CUST01084,Champions,76,8,4552.1900000000005,3,5,5,13,1,0.0,3,25,Gold
CUST01085,At-Risk,358,1,1786.06,1,1,3,5,0,0.0,1,60,Gold
CUST01086,Needs Attention,71,5,3512.67,3,4,4,11,3,20.0,8,0,Silver
CUST01087,Needs Attention,2,1,839.43,5,1,2,8,1,100.0,2,0,Silver
CUST01088,New Customers,0,1,361.44,5,1,1,7,0,0.0,8,0,Not Enrolled
CUST01089,New Customers,25,1,337.51,4,1,1,6,0,0.0,2,11,Not Enrolled
CUST01090,Dormant,144,2,1200.77,2,2,2,6,0,0.0,1,35,Not Enrolled
CUST01091,Dormant,87,1,505.4,2,1,1,4,1,0.0,7,8,Not Enrolled
CUST01092,Needs Attention,196,9,7556.9,1,5,5,11,2,0.0,2,15,Not Enrolled
CUST01093,At-Risk,285,3,1477.44,1,3,2,6,1,0.0,5,60,Not Enrolled
CUST01094,Needs Attention,72,6,4050.79,3,5,5,13,3,0.0,1,15,Silver
CUST01095,New Customers,41,2,1152.1100000000001,4,2,2,8,0,0.0,2,16,Gold
CUST01096,Needs Attention,3,6,4814.21,5,5,5,15,2,16.7,10,11,Gold
CUST01097,At-Risk,233,5,2841.22,1,4,4,9,0,0.0,4,45,Not Enrolled
CUST01098,At-Risk,198,2,1964.25,1,2,3,6,1,0.0,3,33,Not Enrolled
CUST01099,Champions,14,10,6243.88,5,5,5,15,0,0.0,9,0,Silver
CUST01100,New Customers,24,1,491.36,4,1,1,6,0,0.0,3,0,Not Enrolled
CUST01101,New Customers,10,1,732.91,5,1,1,7,0,0.0,2,5,Not Enrolled
CUST01102,Champions,79,7,4318.54,3,5,5,13,0,0.0,7,20,Gold
CUST01103,Loyal Customers,76,4,2384.85,3,4,3,10,1,0.0,0,15,Not Enrolled
CUST01104,At-Risk,99,4,2069.01,2,4,3,9,1,0.0,8,34,Not Enrolled
CUST01105,Dormant,84,3,1353.63,3,3,2,8,1,0.0,6,17,Not Enrolled
CUST01106,Dormant,81,1,1006.69,3,1,2,6,0,0.0,14,14,Silver
CUST01107,Dormant,91,2,980.0699999999999,2,2,2,6,1,0.0,2,20,Not Enrolled
CUST01108,Loyal Customers,40,4,2883.75,4,4,4,12,1,0.0,2,0,Not Enrolled
CUST01109,New Customers,25,1,304.94,4,1,1,6,0,0.0,7,8,Not Enrolled
CUST01110,At-Risk,260,6,3554.06,1,5,4,10,1,0.0,1,60,Not Enrolled
CUST01111,Needs Attention,95,7,7703.55,2,5,5,12,3,0.0,1,17,Not Enrolled
CUST01112,Needs Attention,57,4,2800.7700000000004,3,4,4,11,2,0.0,5,7,Not Enrolled
CUST01113,Needs Attention,107,4,1674.12,2,4,3,9,2,25.0,8,13,Silver
CUST01114,Dormant,147,1,831.94,2,1,2,5,0,0.0,1,29,Not Enrolled
CUST01115,Needs Attention,17,10,6722.41,5,5,5,15,5,10.0,4,12,Platinum
CUST01116,Dormant,54,1,2054.97,3,1,3,7,1,0.0,7,17,Not Enrolled
CUST01117,Champions,42,8,5543.8,4,5,5,14,0,0.0,7,0,Not Enrolled
CUST01118,Needs Attention,170,5,2165.5,1,4,3,8,2,20.0,0,51,Not Enrolled
CUST01119,Dormant,124,1,654.67,2,1,1,4,0,0.0,4,19,Not Enrolled
CUST01120,Needs Attention,61,3,2357.69,3,3,3,9,1,33.3,7,22,Not Enrolled
CUST01121,Dormant,88,1,149.0,2,1,1,4,0,0.0,0,0,Silver
CUST01122,New Customers,6,1,1209.05,5,1,2,8,0,0.0,7,16,Gold
CUST01123,Needs Attention,182,2,958.69,1,2,2,5,2,50.0,1,29,Not Enrolled
CUST01124,At-Risk,172,9,5960.1,1,5,5,11,0,0.0,9,25,Silver
CUST01125,Needs Attention,245,5,4034.96,1,4,5,10,3,20.0,2,54,Not Enrolled
CUST01126,New Customers,16,2,2073.54,5,2,3,10,0,0.0,11,0,Not Enrolled
CUST01127,Dormant,130,2,774.6899999999999,2,2,1,5,0,0.0,1,23,Not Enrolled
CUST01128,Dormant,182,1,1108.73,1,1,2,4,0,0.0,4,36,Not Enrolled
CUST01129,Dormant,157,1,675.97,1,1,1,3,0,0.0,7,28,Gold
CUST01130,Needs Attention,99,4,2506.58,2,4,3,9,2,0.0,6,27,Not Enrolled
CUST01131,Needs Attention,22,4,3713.8100000000004,4,4,4,12,3,0.0,4,4,Not Enrolled
CUST01132,Champions,4,6,5419.860000000001,5,5,5,15,0,0.0,17,0,Not Enrolled
CUST01133,New Customers,36,2,779.1500000000001,4,2,2,8,0,0.0,9,2,Not Enrolled
CUST01134,Needs Attention,78,6,5861.26,3,5,5,13,2,0.0,13,9,Not Enrolled
CUST01135,At-Risk,93,3,3302.06,2,3,4,9,0,0.0,2,18,Not Enrolled
CUST01136,Needs Attention,97,7,3931.0,2,5,4,11,5,14.3,1,31,Not Enrolled
CUST01137,Needs Attention,115,3,1483.05,2,3,2,7,3,33.3,9,19,Gold
CUST01138,At-Risk,134,5,2475.44,2,4,3,9,1,0.0,2,37,Gold
CUST01139,New Customers,21,1,2270.63,4,1,3,8,0,0.0,4,0,Gold
CUST01140,Champions,22,5,4021.81,4,4,5,13,1,0.0,3,6,Silver
CUST01141,Dormant,115,1,691.6,2,1,1,4,1,0.0,2,29,Silver
CUST01142,New Customers,40,2,1015.4200000000001,4,2,2,8,0,0.0,19,6,Silver
CUST01143,New Customers,0,1,438.47,5,1,1,7,0,0.0,1,10,Not Enrolled
CUST01144,Needs Attention,38,3,3548.18,4,3,4,11,1,33.3,6,10,Not Enrolled
CUST01145,At-Risk,183,3,1800.48,1,3,3,7,1,0.0,2,38,Platinum
CUST01146,Champions,23,6,5057.68,4,5,5,14,0,0.0,12,6,Not Enrolled
CUST01147,Needs Attention,1,5,3143.68,5,4,4,13,2,20.0,12,3,Not Enrolled
CUST01148,Needs Attention,128,9,6527.14,2,5,5,12,3,11.1,1,26,Not Enrolled
CUST01149,Loyal Customers,72,6,3722.95,3,5,4,12,1,0.0,0,20,Silver
CUST01150,At-Risk,167,5,2478.69,1,4,3,8,1,20.0,3,35,Gold
CUST01151,At-Risk,105,4,3131.54,2,4,4,10,1,0.0,1,26,Not Enrolled
CUST01152,Champions,1,7,6158.0599999999995,5,5,5,15,1,0.0,9,17,Not Enrolled
CUST01153,Needs Attention,33,1,714.43,4,1,1,6,1,100.0,7,2,Gold
CUST01154,Loyal Customers,55,4,2889.22,3,4,4,11,0,0.0,11,10,Gold
CUST01155,Needs Attention,1,4,2257.0899999999997,5,4,3,12,2,50.0,12,5,Gold
CUST01156,Loyal Customers,7,4,2151.96,5,4,3,12,0,0.0,5,5,Platinum
CUST01157,Needs Attention,0,5,3696.5,5,4,4,13,2,40.0,7,10,Not Enrolled
CUST01158,Dormant,42,3,3891.19,4,3,4,11,1,0.0,11,6,Silver
CUST01159,Needs Attention,68,5,3132.18,3,4,4,11,2,0.0,2,7,Not Enrolled
CUST01160,At-Risk,166,3,1700.8000000000002,1,3,3,7,1,0.0,2,32,Silver
CUST01161,Needs Attention,154,5,4953.99,1,4,5,10,2,20.0,5,31,Gold
CUST01162,At-Risk,175,2,2483.96,1,2,3,6,0,0.0,1,54,Gold
CUST01163,Dormant,375,1,379.14,1,1,1,3,1,0.0,3,60,Silver
CUST01164,New Customers,37,1,965.68,4,1,2,7,0,0.0,15,7,Platinum
CUST01165,At-Risk,155,2,1690.75,1,2,3,6,0,0.0,5,31,Silver
CUST01166,Needs Attention,41,4,3104.76,4,4,4,12,2,25.0,2,0,Gold
CUST01167,Champions,23,8,5924.16,4,5,5,14,1,0.0,3,0,Not Enrolled
CUST01168,New Customers,14,1,510.5,5,1,1,7,0,0.0,8,2,Not Enrolled
CUST01169,Needs Attention,54,1,1183.74,3,1,2,6,1,100.0,13,5,Gold
CUST01170,Dormant,139,2,1210.01,2,2,2,6,1,0.0,2,41,Not Enrolled
CUST01171,Dormant,132,1,744.73,2,1,1,4,0,0.0,3,28,Not Enrolled
CUST01172,Champions,27,9,7960.78,4,5,5,14,0,0.0,4,6,Not Enrolled
CUST01173,Loyal Customers,78,5,3912.61,3,4,4,11,1,0.0,9,18,Not Enrolled
CUST01174,At-Risk,89,3,1722.3700000000001,2,3,3,8,1,0.0,10,10,Not Enrolled
CUST01175,Champions,48,8,5633.0,3,5,5,13,0,0.0,9,7,Not Enrolled
CUST01176,Dormant,215,1,149.0,1,1,1,3,0,0.0,6,44,Not Enrolled
CUST01177,Dormant,56,3,2144.58,3,3,3,9,0,0.0,0,8,Not Enrolled
CUST01178,Dormant,67,3,1298.14,3,3,2,8,0,0.0,10,23,Not Enrolled
CUST01179,Dormant,108,1,536.83,2,1,1,4,0,0.0,5,8,Silver
CUST01180,Needs Attention,23,2,2328.54,4,2,3,9,2,100.0,2,10,Gold
CUST01181,Dormant,137,1,296.32,2,1,1,4,1,0.0,2,14,Not Enrolled
CUST01182,At-Risk,108,4,3106.33,2,4,4,10,0,0.0,8,31,Not Enrolled
CUST01183,Needs Attention,6,3,1498.98,5,3,2,10,1,33.3,0,3,Silver
CUST01184,Loyal Customers,30,4,2161.4,4,4,3,11,0,0.0,5,25,Not Enrolled
CUST01185,Needs Attention,23,6,5763.86,4,5,5,14,2,0.0,1,17,Silver
CUST01186,At-Risk,153,3,2962.35,1,3,4,8,1,0.0,1,36,Not Enrolled
CUST01187,Dormant,26,3,1729.96,4,3,3,10,1,0.0,3,13,Silver
CUST01188,Needs Attention,92,2,688.52,2,2,1,5,2,50.0,14,8,Gold
CUST01189,At-Risk,161,3,3126.0299999999997,1,3,4,8,1,0.0,7,16,Not Enrolled
CUST01190,Loyal Customers,27,4,2968.92,4,4,4,12,0,0.0,3,0,Not Enrolled
CUST01191,Dormant,52,1,510.71,3,1,1,5,0,0.0,1,13,Not Enrolled
CUST01192,Loyal Customers,24,4,2428.7599999999998,4,4,3,11,0,0.0,11,14,Not Enrolled
CUST01193,Dormant,457,1,270.13,1,1,1,3,0,0.0,0,60,Silver
CUST01194,Needs Attention,85,3,1852.1599999999999,3,3,3,9,2,33.3,2,34,Not Enrolled
CUST01195,Needs Attention,94,1,542.27,2,1,1,4,1,100.0,4,2,Silver
CUST01196,Needs Attention,111,3,3110.08,2,3,4,9,1,33.3,9,16,Not Enrolled
CUST01197,Dormant,77,2,406.22,3,2,1,6,0,0.0,3,18,Not Enrolled
CUST01198,New Customers,31,1,592.73,4,1,1,6,1,0.0,5,6,Silver
CUST01199,Needs Attention,359,3,2144.4,1,3,3,7,1,33.3,1,60,Silver
CUST01200,Dormant,58,1,524.27,3,1,1,5,0,0.0,5,7,Platinum
CUST01201,Needs Attention,158,7,5885.4,1,5,5,11,4,0.0,7,24,Platinum
CUST01202,Dormant,132,1,650.67,2,1,1,4,0,0.0,10,33,Not Enrolled
CUST01203,Dormant,60,2,584.44,3,2,1,6,1,0.0,4,7,Not Enrolled
CUST01204,Needs Attention,81,7,4565.2699999999995,3,5,5,13,2,0.0,0,17,Gold
CUST01205,At-Risk,262,4,1861.62,1,4,3,8,0,0.0,1,38,Not Enrolled
CUST01206,Dormant,73,1,819.46,3,1,2,6,0,0.0,10,30,Not Enrolled
CUST01207,Dormant,110,2,638.4200000000001,2,2,1,5,0,0.0,0,21,Not Enrolled
CUST01208,At-Risk,95,3,1407.5300000000002,2,3,2,7,0,0.0,1,15,Silver
CUST01209,Champions,14,6,2839.8,5,5,4,14,1,16.7,5,1,Not Enrolled
CUST01210,Dormant,266,1,429.55,1,1,1,3,0,0.0,0,54,Silver
CUST01211,Needs Attention,5,5,3668.5099999999998,5,4,4,13,4,20.0,8,2,Platinum
CUST01212,Needs Attention,20,6,5551.95,5,5,5,15,2,33.3,0,0,Not Enrolled
CUST01213,Dormant,163,1,492.41,1,1,1,3,1,0.0,3,33,Silver
CUST01214,At-Risk,124,4,5584.12,2,4,5,11,0,0.0,2,31,Silver
CUST01215,Loyal Customers,80,4,3464.2299999999996,3,4,4,11,0,0.0,0,25,Not Enrolled
CUST01216,Dormant,107,1,1022.33,2,1,2,5,0,0.0,10,24,Silver
CUST01217,Dormant,163,2,1295.0,1,2,2,5,0,0.0,6,36,Not Enrolled
CUST01218,Champions,0,5,3872.15,5,4,4,13,1,0.0,6,2,Silver
CUST01219,Needs Attention,86,2,832.04,2,2,2,6,2,0.0,5,20,Not Enrolled
CUST01220,Dormant,98,1,1095.74,2,1,2,5,0,0.0,1,25,Not Enrolled
CUST01221,New Customers,13,1,405.2,5,1,1,7,0,0.0,6,21,Not Enrolled
CUST01222,New Customers,18,1,1199.39,5,1,2,8,0,0.0,0,14,Silver
CUST01223,At-Risk,118,6,3738.91,2,5,4,11,1,0.0,1,29,Gold
CUST01224,New Customers,33,1,1005.1,4,1,2,7,0,0.0,7,7,Not Enrolled
CUST01225,Dormant,97,1,620.28,2,1,1,4,1,0.0,3,13,Not Enrolled
CUST01226,Needs Attention,37,4,2967.87,4,4,4,12,2,50.0,6,14,Silver
CUST01227,Loyal Customers,43,5,2824.19,4,4,4,12,1,20.0,8,6,Silver
CUST01228,At-Risk,212,4,2998.23,1,4,4,9,0,0.0,1,28,Silver
CUST01229,At-Risk,147,4,1965.74,2,4,3,9,1,25.0,5,8,Not Enrolled
CUST01230,Dormant,112,2,1398.63,2,2,2,6,0,0.0,2,24,Not Enrolled
CUST01231,Dormant,226,1,872.98,1,1,2,4,0,0.0,0,41,Not Enrolled
CUST01232,Dormant,183,2,906.6800000000001,1,2,2,5,0,0.0,8,39,Not Enrolled
CUST01233,Champions,64,7,6627.36,3,5,5,13,1,0.0,8,5,Not Enrolled
CUST01234,At-Risk,115,3,2999.91,2,3,4,9,0,0.0,3,32,Not Enrolled
CUST01235,At-Risk,161,5,3111.29,1,4,4,9,0,0.0,3,26,Not Enrolled
CUST01236,Champions,6,10,5515.45,5,5,5,15,1,0.0,8,0,Gold
CUST01237,At-Risk,103,3,1474.19,2,3,2,7,1,0.0,1,10,Not Enrolled
CUST01238,Champions,68,6,4787.57,3,5,5,13,1,0.0,1,14,Not Enrolled
CUST01239,Dormant,193,1,592.44,1,1,1,3,0,0.0,7,35,Silver
CUST01240,New Customers,19,1,434.11,5,1,1,7,0,0.0,10,14,Not Enrolled
CUST01241,New Customers,38,1,185.08,4,1,1,6,0,0.0,9,15,Not Enrolled
CUST01242,Needs Attention,29,9,10650.67,4,5,5,14,2,11.1,0,15,Gold
CUST01243,Dormant,74,3,1470.48,3,3,2,8,1,0.0,8,14,Not Enrolled
CUST01244,Loyal Customers,34,5,3977.53,4,4,4,12,1,0.0,7,4,Gold
CUST01245,Dormant,255,2,1283.42,1,2,2,5,0,0.0,2,60,Not Enrolled
CUST01246,At-Risk,262,3,2938.8999999999996,1,3,4,8,1,0.0,1,60,Silver
CUST01247,New Customers,3,1,1439.66,5,1,2,8,1,0.0,12,0,Not Enrolled
CUST01248,Dormant,103,1,1386.38,2,1,2,5,0,0.0,5,15,Not Enrolled
CUST01249,Loyal Customers,57,4,2733.47,3,4,4,11,0,0.0,12,11,Platinum
CUST01250,Dormant,175,1,612.27,1,1,1,3,1,0.0,0,35,Silver
CUST01251,Needs Attention,52,11,6352.58,3,5,5,13,4,18.2,3,10,Not Enrolled
CUST01252,Loyal Customers,38,4,2575.58,4,4,4,12,0,0.0,1,18,Gold
CUST01253,At-Risk,99,2,2035.62,2,2,3,7,0,0.0,13,27,Not Enrolled
CUST01254,Dormant,76,2,2465.71,3,2,3,8,1,0.0,3,4,Silver
CUST01255,Dormant,78,1,2060.75,3,1,3,7,1,0.0,8,15,Not Enrolled
CUST01256,Dormant,286,1,564.83,1,1,1,3,1,0.0,3,56,Not Enrolled
CUST01257,Needs Attention,27,5,3430.98,4,4,4,12,2,20.0,4,4,Silver
CUST01258,At-Risk,250,7,4454.38,1,5,5,11,1,0.0,7,60,Silver
CUST01259,Needs Attention,94,6,4645.31,2,5,5,12,3,33.3,0,10,Silver
CUST01260,New Customers,9,1,913.67,5,1,2,8,0,0.0,4,8,Not Enrolled
CUST01261,New Customers,18,1,345.05,5,1,1,7,0,0.0,1,0,Gold
CUST01262,New Customers,25,1,195.09,4,1,1,6,0,0.0,11,9,Silver
CUST01263,Needs Attention,32,9,6440.45,4,5,5,14,3,11.1,5,24,Platinum
CUST01264,Dormant,51,2,2890.16,3,2,4,9,0,0.0,6,16,Silver
CUST01265,New Customers,15,2,1398.17,5,2,2,9,0,0.0,12,10,Silver
CUST01266,Needs Attention,51,6,4779.33,3,5,5,13,2,16.7,8,17,Not Enrolled
CUST01267,Champions,58,8,5703.88,3,5,5,13,1,0.0,2,26,Silver
CUST01268,Needs Attention,19,7,6083.44,5,5,5,15,2,14.3,5,2,Not Enrolled
CUST01269,Dormant,57,1,534.09,3,1,1,5,0,0.0,4,18,Not Enrolled
CUST01270,Dormant,57,1,309.87,3,1,1,5,1,0.0,4,20,Not Enrolled
CUST01271,New Customers,12,1,529.98,5,1,1,7,0,0.0,8,5,Not Enrolled
CUST01272,New Customers,44,1,1860.0,4,1,3,8,0,0.0,1,8,Not Enrolled
CUST01273,At-Risk,149,2,1602.01,1,2,3,6,1,0.0,1,22,Not Enrolled
CUST01274,Needs Attention,25,7,5246.08,4,5,5,14,3,0.0,15,0,Gold
CUST01275,Dormant,34,3,2647.93,4,3,4,11,1,0.0,14,0,Not Enrolled
CUST01276,At-Risk,120,4,2151.47,2,4,3,9,1,25.0,3,22,Silver
CUST01277,At-Risk,99,5,3500.13,2,4,4,10,0,0.0,6,12,Not Enrolled
CUST01278,Loyal Customers,65,4,2385.52,3,4,3,10,1,25.0,1,6,Silver
CUST01279,Needs Attention,101,1,1494.42,2,1,2,5,1,100.0,3,31,Silver
CUST01280,Champions,35,8,8071.46,4,5,5,14,0,0.0,5,0,Silver
CUST01281,At-Risk,215,3,1971.02,1,3,3,7,0,0.0,4,43,Not Enrolled
CUST01282,Dormant,78,1,499.65,3,1,1,5,1,0.0,5,22,Silver
CUST01283,Needs Attention,40,10,6697.49,4,5,5,14,3,10.0,7,0,Not Enrolled
CUST01284,At-Risk,192,5,4033.89,1,4,5,10,1,0.0,1,25,Not Enrolled
CUST01285,At-Risk,124,8,6478.76,2,5,5,12,1,0.0,3,36,Not Enrolled
CUST01286,At-Risk,226,3,2241.96,1,3,3,7,0,0.0,2,45,Platinum
CUST01287,At-Risk,89,3,1584.08,2,3,3,8,1,0.0,3,14,Not Enrolled
CUST01288,Dormant,132,1,486.14,2,1,1,4,0,0.0,0,25,Not Enrolled
CUST01289,New Customers,3,1,742.76,5,1,1,7,0,0.0,9,7,Gold
CUST01290,Dormant,53,2,1164.42,3,2,2,7,0,0.0,9,15,Not Enrolled
CUST01291,At-Risk,193,4,2476.76,1,4,3,8,1,25.0,3,29,Not Enrolled
CUST01292,New Customers,41,2,2412.52,4,2,3,9,0,0.0,3,24,Silver
CUST01293,Champions,15,7,5039.13,5,5,5,15,1,0.0,0,1,Gold
CUST01294,New Customers,3,1,750.26,5,1,1,7,0,0.0,9,0,Silver
CUST01295,At-Risk,121,4,12408.61,2,4,5,11,1,25.0,11,20,Platinum
CUST01296,New Customers,16,2,1024.56,5,2,2,9,0,0.0,2,15,Not Enrolled
CUST01297,Needs Attention,2,4,1798.5700000000002,5,4,3,12,2,0.0,6,4,Silver
CUST01298,At-Risk,329,4,1161.46,1,4,2,7,1,25.0,0,60,Not Enrolled
CUST01299,At-Risk,171,3,2011.06,1,3,3,7,0,0.0,8,35,Not Enrolled
CUST01300,Champions,46,7,4203.76,4,5,5,14,1,0.0,10,6,Not Enrolled
CUST01301,Needs Attention,85,4,1662.8999999999999,3,4,3,10,2,0.0,4,25,Not Enrolled
CUST01302,Champions,1,8,6399.610000000001,5,5,5,15,0,0.0,8,0,Not Enrolled
CUST01303,Needs Attention,20,2,1442.63,5,2,2,9,2,0.0,3,0,Not Enrolled
CUST01304,Loyal Customers,27,5,2476.58,4,4,3,11,1,0.0,8,0,Silver
CUST01305,Dormant,50,1,311.4,3,1,1,5,0,0.0,8,4,Silver
CUST01306,Champions,54,6,7388.34,3,5,5,13,1,16.7,2,6,Not Enrolled
CUST01307,Dormant,234,2,1179.22,1,2,2,5,0,0.0,4,38,Not Enrolled
CUST01308,At-Risk,119,3,2085.04,2,3,3,8,0,0.0,5,33,Silver
CUST01309,Loyal Customers,73,6,3102.24,3,5,4,12,0,0.0,2,5,Not Enrolled
CUST01310,Needs Attention,139,5,4044.83,2,4,5,11,3,0.0,8,19,Not Enrolled
CUST01311,Loyal Customers,43,5,3799.01,4,4,4,12,1,0.0,1,19,Not Enrolled
CUST01312,Champions,14,5,4551.03,5,4,5,14,0,0.0,5,0,Silver
CUST01313,Champions,4,6,7482.84,5,5,5,15,1,0.0,6,0,Not Enrolled
CUST01314,Needs Attention,1,5,4109.4400000000005,5,4,5,14,2,20.0,5,0,Not Enrolled
CUST01315,Dormant,222,1,473.31,1,1,1,3,0,0.0,1,52,Not Enrolled
CUST01316,Dormant,120,1,407.44,2,1,1,4,1,0.0,13,14,Not Enrolled
CUST01317,At-Risk,256,4,3389.0,1,4,4,9,0,0.0,1,48,Silver
CUST01318,Dormant,130,2,911.45,2,2,2,6,0,0.0,2,24,Silver
CUST01319,Dormant,111,1,336.29,2,1,1,4,0,0.0,10,14,Not Enrolled
CUST01320,Needs Attention,150,3,1828.6799999999998,1,3,3,7,1,33.3,6,40,Not Enrolled
CUST01321,Needs Attention,99,6,2320.32,2,5,3,10,3,16.7,12,17,Not Enrolled
CUST01322,At-Risk,96,4,3476.6,2,4,4,10,0,0.0,2,20,Not Enrolled
CUST01323,At-Risk,276,3,1273.29,1,3,2,6,0,0.0,3,46,Not Enrolled
CUST01324,Dormant,227,1,967.23,1,1,2,4,0,0.0,1,35,Not Enrolled
CUST01325,Needs Attention,186,5,5492.81,1,4,5,10,2,0.0,1,43,Not Enrolled
CUST01326,At-Risk,131,3,4393.63,2,3,5,10,0,0.0,3,23,Not Enrolled
CUST01327,Loyal Customers,83,5,6114.08,3,4,5,12,0,0.0,10,4,Not Enrolled
CUST01328,Dormant,54,2,2001.3,3,2,3,8,0,0.0,5,13,Silver
CUST01329,Needs Attention,61,3,1252.03,3,3,2,8,1,33.3,5,9,Silver
CUST01330,Champions,3,5,5048.89,5,4,5,14,1,0.0,6,2,Not Enrolled
CUST01331,Needs Attention,14,6,5693.12,5,5,5,15,2,0.0,10,0,Not Enrolled
CUST01332,Champions,17,4,3364.3,5,4,4,13,0,0.0,7,6,Gold
CUST01333,Dormant,47,1,420.65,3,1,1,5,0,0.0,2,0,Not Enrolled
CUST01334,At-Risk,160,4,2962.17,1,4,4,9,1,0.0,1,39,Not Enrolled
CUST01335,Loyal Customers,75,4,3549.84,3,4,4,11,1,0.0,6,0,Platinum
CUST01336,New Customers,1,2,910.6700000000001,5,2,2,9,0,0.0,0,0,Gold
CUST01337,Dormant,49,1,793.95,3,1,2,6,0,0.0,14,18,Not Enrolled
CUST01338,Needs Attention,7,1,232.88,5,1,1,7,1,100.0,14,0,Not Enrolled
CUST01339,Dormant,162,1,450.33,1,1,1,3,1,0.0,3,37,Gold
CUST01340,Dormant,76,1,624.33,3,1,1,5,0,0.0,5,16,Not Enrolled
CUST01341,New Customers,38,1,395.13,4,1,1,6,0,0.0,5,26,Not Enrolled
CUST01342,Dormant,84,3,2125.98,3,3,3,9,0,0.0,10,23,Not Enrolled
CUST01343,Champions,4,6,3668.71,5,5,4,14,1,0.0,3,7,Not Enrolled
CUST01344,Dormant,395,1,1054.04,1,1,2,4,0,0.0,3,60,Not Enrolled
CUST01345,New Customers,38,1,2465.11,4,1,3,8,0,0.0,7,3,Not Enrolled
CUST01346,Needs Attention,38,10,6605.54,4,5,5,14,2,0.0,5,17,Silver
CUST01347,Dormant,128,1,316.63,2,1,1,4,0,0.0,3,27,Not Enrolled
CUST01348,At-Risk,140,4,2160.61,2,4,3,9,1,25.0,3,22,Silver
CUST01349,Dormant,83,2,2446.67,3,2,3,8,0,0.0,0,22,Not Enrolled
CUST01350,Dormant,190,2,1242.73,1,2,2,5,1,0.0,1,26,Gold
CUST01351,Needs Attention,30,1,542.87,4,1,1,6,1,100.0,7,0,Not Enrolled
CUST01352,Needs Attention,123,7,5877.57,2,5,5,12,2,14.3,1,31,Not Enrolled
CUST01353,Dormant,73,1,597.26,3,1,1,5,1,0.0,1,19,Not Enrolled
CUST01354,New Customers,2,2,1041.99,5,2,2,9,1,0.0,10,0,Platinum
CUST01355,Dormant,88,1,547.04,2,1,1,4,0,0.0,2,28,Silver
CUST01356,New Customers,42,2,1149.21,4,2,2,8,1,0.0,0,17,Not Enrolled
CUST01357,At-Risk,126,6,4681.22,2,5,5,12,0,0.0,2,23,Not Enrolled
CUST01358,New Customers,18,1,862.52,5,1,2,8,0,0.0,14,3,Not Enrolled
CUST01359,Needs Attention,106,5,3628.17,2,4,4,10,3,0.0,3,15,Not Enrolled
CUST01360,Needs Attention,160,8,12310.69,1,5,5,11,2,0.0,6,35,Silver
CUST01361,New Customers,5,1,805.77,5,1,2,8,0,0.0,6,0,Not Enrolled
CUST01362,Needs Attention,80,4,2803.19,3,4,4,11,2,0.0,16,6,Silver
CUST01363,Loyal Customers,83,4,3031.55,3,4,4,11,0,0.0,7,11,Gold
CUST01364,Dormant,148,1,1261.0,1,1,2,4,0,0.0,3,35,Silver
CUST01365,Dormant,247,2,749.98,1,2,1,4,0,0.0,1,47,Not Enrolled
CUST01366,At-Risk,98,6,3862.08,2,5,4,11,1,0.0,4,30,Gold
CUST01367,Dormant,56,1,363.62,3,1,1,5,1,0.0,8,16,Silver
CUST01368,Dormant,308,1,498.64,1,1,1,3,0,0.0,8,60,Not Enrolled
CUST01369,Needs Attention,24,1,477.43,4,1,1,6,1,100.0,10,11,Silver
CUST01370,At-Risk,161,3,3575.2599999999998,1,3,4,8,0,0.0,2,35,Not Enrolled
CUST01371,New Customers,8,2,2334.49,5,2,3,10,1,0.0,6,2,Not Enrolled
CUST01372,Needs Attention,71,1,366.8,3,1,1,5,1,100.0,5,31,Silver
CUST01373,New Customers,45,1,291.54,4,1,1,6,0,0.0,4,10,Not Enrolled
CUST01374,Dormant,88,1,282.0,2,1,1,4,0,0.0,5,24,Not Enrolled
CUST01375,Dormant,64,3,2044.1399999999999,3,3,3,9,0,0.0,4,27,Silver
CUST01376,New Customers,34,1,541.57,4,1,1,6,0,0.0,6,18,Not Enrolled
CUST01377,New Customers,9,1,387.27,5,1,1,7,1,0.0,10,0,Not Enrolled
CUST01378,Dormant,117,1,348.74,2,1,1,4,0,0.0,14,21,Not Enrolled
CUST01379,At-Risk,186,1,2392.34,1,1,3,5,0,0.0,6,40,Silver
CUST01380,Loyal Customers,44,5,2855.06,4,4,4,12,1,0.0,1,11,Not Enrolled
CUST01381,Champions,2,8,5555.42,5,5,5,15,0,0.0,11,0,Gold
CUST01382,Needs Attention,4,3,1589.74,5,3,3,11,1,33.3,5,0,Not Enrolled
CUST01383,Loyal Customers,13,4,2106.63,5,4,3,12,1,0.0,14,3,Silver
CUST01384,Needs Attention,145,6,7520.42,2,5,5,12,2,16.7,5,24,Not Enrolled
CUST01385,Champions,0,5,2613.37,5,4,4,13,1,20.0,10,4,Not Enrolled
CUST01386,Needs Attention,14,6,7173.83,5,5,5,15,4,16.7,5,0,Gold
CUST01387,At-Risk,128,7,6963.04,2,5,5,12,0,0.0,2,30,Not Enrolled
CUST01388,Dormant,70,2,3498.38,3,2,4,9,0,0.0,1,11,Not Enrolled
CUST01389,Loyal Customers,70,4,2967.57,3,4,4,11,1,0.0,5,3,Not Enrolled
CUST01390,Champions,9,4,3249.7799999999997,5,4,4,13,0,0.0,11,6,Not Enrolled
CUST01391,At-Risk,94,3,3715.46,2,3,4,9,1,0.0,11,20,Not Enrolled
CUST01392,New Customers,16,1,1415.53,5,1,2,8,0,0.0,2,3,Not Enrolled
CUST01393,Loyal Customers,85,4,2203.42,3,4,3,10,0,0.0,0,18,Not Enrolled
CUST01394,Champions,16,5,5665.21,5,4,5,14,0,0.0,15,6,Not Enrolled
CUST01395,Champions,32,6,6043.93,4,5,5,14,0,0.0,4,9,Not Enrolled
CUST01396,Dormant,127,1,826.44,2,1,2,5,1,0.0,2,21,Not Enrolled
CUST01397,Champions,4,7,6176.97,5,5,5,15,1,0.0,12,0,Not Enrolled
CUST01398,Needs Attention,57,1,1672.19,3,1,3,7,1,100.0,6,0,Not Enrolled
CUST01399,Needs Attention,19,7,4005.24,5,5,4,14,2,14.3,10,6,Silver
CUST01400,Dormant,134,2,863.9,2,2,2,6,0,0.0,1,38,Not Enrolled
CUST01401,Dormant,75,2,1991.48,3,2,3,8,0,0.0,3,23,Not Enrolled
CUST01402,Dormant,254,2,1474.48,1,2,2,5,1,0.0,0,47,Not Enrolled
CUST01403,At-Risk,329,4,2287.41,1,4,3,8,0,0.0,1,53,Not Enrolled
CUST01404,Needs Attention,202,9,6788.52,1,5,5,11,2,11.1,12,24,Gold
CUST01405,At-Risk,140,3,2413.52,2,3,3,8,0,0.0,2,20,Gold
CUST01406,At-Risk,222,5,5888.31,1,4,5,10,1,0.0,2,46,Gold
CUST01407,Needs Attention,139,3,1992.79,2,3,3,8,2,0.0,3,17,Silver
CUST01408,Dormant,307,2,792.08,1,2,2,5,0,0.0,0,60,Silver
CUST01409,Needs Attention,26,5,3035.77,4,4,4,12,2,20.0,1,0,Gold
CUST01410,At-Risk,146,8,6063.07,2,5,5,12,1,0.0,11,18,Not Enrolled
CUST01411,Needs Attention,183,5,3777.5,1,4,4,9,2,0.0,0,51,Not Enrolled
CUST01412,Dormant,91,1,348.68,2,1,1,4,0,0.0,9,9,Not Enrolled
CUST01413,Dormant,234,1,623.43,1,1,1,3,0,0.0,2,39,Not Enrolled
CUST01414,Needs Attention,30,4,2862.6,4,4,4,12,2,0.0,10,17,Silver
CUST01415,New Customers,9,1,509.5,5,1,1,7,0,0.0,9,0,Not Enrolled
CUST01416,Needs Attention,50,6,4155.25,3,5,5,13,5,50.0,11,20,Gold
CUST01417,Needs Attention,149,7,3650.18,1,5,4,10,2,0.0,3,26,Not Enrolled
CUST01418,Dormant,176,2,1190.06,1,2,2,5,0,0.0,10,35,Gold
CUST01419,Dormant,41,3,2210.94,4,3,3,10,0,0.0,1,11,Not Enrolled
CUST01420,Loyal Customers,67,4,4338.21,3,4,5,12,1,0.0,14,14,Not Enrolled
CUST01421,Needs Attention,46,1,1155.37,4,1,2,7,1,100.0,16,30,Not Enrolled
CUST01422,Loyal Customers,58,4,2154.09,3,4,3,10,1,25.0,3,17,Silver
CUST01423,New Customers,41,2,840.3499999999999,4,2,2,8,0,0.0,5,11,Silver
CUST01424,At-Risk,93,1,2318.97,2,1,3,6,0,0.0,3,24,Gold
CUST01425,Dormant,48,1,1148.76,3,1,2,6,0,0.0,3,5,Silver
CUST01426,New Customers,24,1,872.32,4,1,2,7,0,0.0,8,0,Not Enrolled
CUST01427,Needs Attention,5,7,4513.07,5,5,5,15,4,14.3,11,9,Gold
CUST01428,Needs Attention,51,1,888.61,3,1,2,6,1,100.0,15,13,Not Enrolled
CUST01429,Needs Attention,53,6,4315.58,3,5,5,13,3,16.7,4,3,Not Enrolled
CUST01430,Needs Attention,5,3,2362.84,5,3,3,11,3,33.3,11,3,Silver
CUST01431,Needs Attention,12,2,2482.59,5,2,3,10,1,50.0,6,5,Silver
CUST01432,At-Risk,102,3,1075.54,2,3,2,7,1,0.0,2,25,Not Enrolled
CUST01433,At-Risk,108,4,2386.67,2,4,3,9,1,25.0,8,36,Gold
CUST01434,Needs Attention,5,6,2875.38,5,5,4,14,2,16.7,6,4,Not Enrolled
CUST01435,At-Risk,186,1,2210.82,1,1,3,5,0,0.0,0,25,Gold
CUST01436,New Customers,20,2,2235.76,5,2,3,10,0,0.0,18,2,Silver
CUST01437,Needs Attention,246,5,4720.65,1,4,5,10,3,20.0,2,58,Silver
CUST01438,At-Risk,157,2,2087.95,1,2,3,6,0,0.0,0,36,Not Enrolled
CUST01439,Needs Attention,0,8,8418.470000000001,5,5,5,15,2,0.0,7,0,Silver
CUST01440,Needs Attention,6,6,7345.46,5,5,5,15,3,33.3,3,1,Not Enrolled
CUST01441,Dormant,322,1,472.82,1,1,1,3,0,0.0,1,60,Not Enrolled
CUST01442,Needs Attention,105,4,3545.52,2,4,4,10,3,25.0,9,18,Gold
CUST01443,Champions,20,6,5784.09,5,5,5,15,0,0.0,1,9,Not Enrolled
CUST01444,New Customers,32,2,1096.85,4,2,2,8,0,0.0,2,3,Not Enrolled
CUST01445,At-Risk,115,10,6651.53,2,5,5,12,1,10.0,2,29,Not Enrolled
CUST01446,At-Risk,132,3,2796.4,2,3,4,9,0,0.0,5,21,Gold
CUST01447,Champions,18,4,2901.61,5,4,4,13,0,0.0,13,16,Gold
CUST01448,Needs Attention,233,2,1268.95,1,2,2,5,1,50.0,1,36,Silver
CUST01449,New Customers,3,2,874.09,5,2,2,9,1,0.0,5,0,Not Enrolled
CUST01450,At-Risk,126,6,3188.3,2,5,4,11,1,16.7,2,33,Silver
CUST01451,New Customers,34,2,2411.76,4,2,3,9,1,0.0,13,7,Gold
CUST01452,At-Risk,116,4,5779.52,2,4,5,11,0,0.0,10,18,Platinum
CUST01453,Loyal Customers,82,4,4084.96,3,4,5,12,1,0.0,7,9,Not Enrolled
CUST01454,Dormant,70,3,2311.4700000000003,3,3,3,9,1,0.0,2,13,Not Enrolled
CUST01455,At-Risk,335,3,1376.1200000000001,1,3,2,6,1,0.0,0,60,Gold
CUST01456,New Customers,17,1,1158.71,5,1,2,8,1,0.0,7,0,Silver
CUST01457,At-Risk,248,4,4798.75,1,4,5,10,0,0.0,0,46,Not Enrolled
CUST01458,Dormant,52,1,1462.88,3,1,2,6,0,0.0,1,0,Silver
CUST01459,Champions,68,6,4817.95,3,5,5,13,0,0.0,4,18,Silver
CUST01460,At-Risk,128,4,2187.99,2,4,3,9,1,0.0,4,37,Not Enrolled
CUST01461,At-Risk,107,3,1996.1999999999998,2,3,3,8,0,0.0,3,35,Silver
CUST01462,Dormant,80,2,635.48,3,2,1,6,0,0.0,3,13,Not Enrolled
CUST01463,Needs Attention,356,2,987.71,1,2,2,5,1,50.0,1,60,Not Enrolled
CUST01464,New Customers,42,2,1743.4,4,2,3,9,0,0.0,13,7,Gold
CUST01465,New Customers,10,2,670.57,5,2,1,8,0,0.0,16,0,Not Enrolled
CUST01466,Needs Attention,56,4,2864.6,3,4,4,11,2,25.0,2,4,Silver
CUST01467,Dormant,89,2,649.13,2,2,1,5,0,0.0,5,17,Not Enrolled
CUST01468,Dormant,166,1,1034.31,1,1,2,4,0,0.0,4,20,Not Enrolled
CUST01469,New Customers,44,1,1313.43,4,1,2,7,0,0.0,0,0,Silver
CUST01470,Needs Attention,241,4,2987.34,1,4,4,9,2,0.0,1,60,Not Enrolled
CUST01471,Needs Attention,77,6,3471.86,3,5,4,12,3,0.0,8,21,Silver
CUST01472,Needs Attention,0,8,4686.9800000000005,5,5,5,15,2,0.0,3,0,Silver
CUST01473,Loyal Customers,48,4,2917.27,3,4,4,11,0,0.0,5,9,Silver
CUST01474,Needs Attention,61,2,959.29,3,2,2,7,2,50.0,8,0,Not Enrolled
CUST01475,Dormant,114,1,650.36,2,1,1,4,1,0.0,0,18,Not Enrolled
CUST01476,Needs Attention,127,3,1923.93,2,3,3,8,2,0.0,0,29,Platinum
CUST01477,Needs Attention,55,5,3440.74,3,4,4,11,2,0.0,3,13,Silver
CUST01478,Champions,40,5,5291.51,4,4,5,13,1,0.0,10,24,Silver
CUST01479,Loyal Customers,42,4,1777.74,4,4,3,11,0,0.0,0,9,Not Enrolled
CUST01480,Dormant,347,1,682.11,1,1,1,3,0,0.0,3,60,Not Enrolled
CUST01481,At-Risk,122,4,3016.96,2,4,4,10,1,0.0,4,17,Silver
CUST01482,At-Risk,158,5,5965.95,1,4,5,10,1,0.0,1,44,Not Enrolled
CUST01483,Needs Attention,7,8,3817.9,5,5,4,14,2,12.5,5,7,Silver
CUST01484,At-Risk,111,3,1606.77,2,3,3,8,0,0.0,1,15,Not Enrolled
CUST01485,Needs Attention,69,3,2973.96,3,3,4,10,1,33.3,6,17,Not Enrolled
CUST01486,Dormant,48,1,770.52,3,1,1,5,0,0.0,5,10,Not Enrolled
CUST01487,Needs Attention,232,5,2548.9700000000003,1,4,3,8,2,20.0,1,45,Not Enrolled
CUST01488,Needs Attention,33,6,2851.24,4,5,4,13,2,16.7,14,3,Gold
CUST01489,Champions,41,5,5689.93,4,4,5,13,1,0.0,9,0,Silver
CUST01490,Needs Attention,122,7,5285.2,2,5,5,12,2,14.3,3,39,Silver
CUST01491,Needs Attention,87,4,4053.23,2,4,5,11,2,0.0,6,16,Silver
CUST01492,Needs Attention,62,4,5478.3,3,4,5,12,3,50.0,10,18,Silver
CUST01493,New Customers,10,2,807.4499999999999,5,2,2,9,0,0.0,0,16,Not Enrolled
CUST01494,At-Risk,265,4,1888.54,1,4,3,8,1,0.0,1,56,Not Enrolled
CUST01495,At-Risk,89,6,3722.74,2,5,4,11,1,0.0,0,7,Silver
CUST01496,New Customers,16,1,662.11,5,1,1,7,0,0.0,9,3,Not Enrolled
CUST01497,Loyal Customers,35,5,3393.85,4,4,4,12,1,20.0,9,14,Not Enrolled
CUST01498,Champions,12,5,3640.46,5,4,4,13,1,0.0,14,0,Not Enrolled
CUST01499,At-Risk,133,5,4317.6,2,4,5,11,0,0.0,3,28,Silver
CUST01500,At-Risk,95,4,3285.09,2,4,4,10,0,0.0,8,18,Silver
CUST01501,Needs Attention,66,2,646.4300000000001,3,2,1,6,2,0.0,6,7,Not Enrolled
CUST01502,Needs Attention,80,2,1331.42,3,2,2,7,1,50.0,15,5,Not Enrolled
CUST01503,At-Risk,90,4,2509.01,2,4,3,9,1,25.0,8,16,Not Enrolled
CUST01504,Needs Attention,152,3,1436.96,1,3,2,6,2,33.3,0,32,Not Enrolled
CUST01505,Dormant,64,1,608.83,3,1,1,5,0,0.0,2,1,Not Enrolled
CUST01506,Needs Attention,140,4,2676.48,2,4,4,10,2,0.0,4,32,Silver
CUST01507,Needs Attention,125,5,4142.6,2,4,5,11,2,20.0,5,33,Silver
CUST01508,New Customers,3,1,845.65,5,1,2,8,0,0.0,10,3,Platinum
CUST01509,Needs Attention,6,4,2604.54,5,4,4,13,2,25.0,17,0,Not Enrolled
CUST01510,At-Risk,132,2,1667.1,2,2,3,7,0,0.0,7,32,Not Enrolled
CUST01511,Needs Attention,88,4,2601.14,2,4,4,10,2,0.0,11,28,Not Enrolled
CUST01512,Needs Attention,43,7,6822.51,4,5,5,14,2,0.0,3,11,Not Enrolled
CUST01513,Dormant,131,1,1062.28,2,1,2,5,0,0.0,0,35,Not Enrolled
CUST01514,Dormant,82,3,1466.5,3,3,2,8,0,0.0,5,23,Not Enrolled
CUST01515,At-Risk,96,6,5632.79,2,5,5,12,0,0.0,4,20,Not Enrolled
CUST01516,Dormant,172,1,421.68,1,1,1,3,1,0.0,15,34,Not Enrolled
CUST01517,Needs Attention,87,4,1921.46,2,4,3,9,2,25.0,4,23,Platinum
CUST01518,Dormant,485,1,569.86,1,1,1,3,0,0.0,1,60,Not Enrolled
CUST01519,At-Risk,105,4,3686.74,2,4,4,10,0,0.0,0,20,Not Enrolled
CUST01520,New Customers,19,1,333.93,5,1,1,7,0,0.0,10,12,Not Enrolled
CUST01521,New Customers,10,2,1070.1399999999999,5,2,2,9,0,0.0,2,0,Not Enrolled
CUST01522,Dormant,68,1,882.29,3,1,2,6,0,0.0,2,16,Not Enrolled
CUST01523,Champions,15,4,3702.2799999999997,5,4,4,13,1,25.0,1,0,Not Enrolled
CUST01524,New Customers,19,1,2078.4,5,1,3,9,1,0.0,5,0,Not Enrolled
CUST01525,Loyal Customers,56,4,2175.72,3,4,3,10,0,0.0,1,19,Not Enrolled
CUST01526,Needs Attention,9,4,3305.24,5,4,4,13,2,25.0,7,2,Silver
CUST01527,At-Risk,326,3,2802.84,1,3,4,8,0,0.0,1,60,Not Enrolled
CUST01528,Dormant,105,1,424.84,2,1,1,4,1,0.0,13,10,Gold
CUST01529,Dormant,194,1,1455.91,1,1,2,4,0,0.0,0,39,Not Enrolled
CUST01530,Needs Attention,182,5,4146.860000000001,1,4,5,10,2,20.0,7,35,Silver
CUST01531,Needs Attention,222,2,1077.94,1,2,2,5,2,50.0,3,48,Not Enrolled
CUST01532,At-Risk,159,6,2788.44,1,5,4,10,1,0.0,6,29,Platinum
CUST01533,Dormant,167,1,697.43,1,1,1,3,0,0.0,6,22,Silver
CUST01534,New Customers,22,1,416.32,4,1,1,6,0,0.0,7,15,Not Enrolled
CUST01535,Needs Attention,8,8,3627.45,5,5,4,14,2,25.0,9,6,Silver
CUST01536,New Customers,7,1,1059.82,5,1,2,8,1,0.0,2,0,Not Enrolled
CUST01537,Dormant,123,1,355.81,2,1,1,4,0,0.0,3,34,Not Enrolled
CUST01538,Dormant,80,1,346.25,3,1,1,5,0,0.0,8,17,Not Enrolled
CUST01539,Dormant,158,1,643.65,1,1,1,3,1,0.0,0,29,Silver
CUST01540,Needs Attention,195,3,2546.85,1,3,3,7,1,33.3,4,29,Silver
CUST01541,Dormant,64,1,626.47,3,1,1,5,0,0.0,5,26,Not Enrolled
CUST01542,New Customers,4,1,382.91,5,1,1,7,0,0.0,15,0,Not Enrolled
CUST01543,Dormant,131,1,1270.64,2,1,2,5,0,0.0,8,31,Silver
CUST01544,Needs Attention,113,9,5640.23,2,5,5,12,4,22.2,11,29,Not Enrolled
CUST01545,Dormant,106,2,1091.81,2,2,2,6,0,0.0,4,28,Gold
CUST01546,Needs Attention,22,5,2407.6499999999996,4,4,3,11,2,0.0,4,0,Not Enrolled
CUST01547,Needs Attention,99,9,7802.05,2,5,5,12,3,11.1,4,16,Silver
CUST01548,Loyal Customers,49,6,3110.35,3,5,4,12,1,16.7,2,18,Not Enrolled
CUST01549,At-Risk,167,3,3126.75,1,3,4,8,1,0.0,15,45,Not Enrolled
CUST01550,At-Risk,109,4,1841.6,2,4,3,9,0,0.0,5,37,Not Enrolled
CUST01551,Dormant,69,1,674.67,3,1,1,5,0,0.0,11,18,Not Enrolled
CUST01552,At-Risk,108,5,2594.91,2,4,4,10,0,0.0,3,19,Silver
CUST01553,Dormant,153,1,381.8,1,1,1,3,0,0.0,4,27,Silver
CUST01554,Loyal Customers,75,4,3977.0899999999997,3,4,4,11,1,0.0,8,4,Not Enrolled
CUST01555,New Customers,30,1,329.17,4,1,1,6,1,0.0,5,9,Not Enrolled
CUST01556,Dormant,37,3,1996.78,4,3,3,10,0,0.0,1,0,Not Enrolled
CUST01557,Dormant,41,3,1524.72,4,3,2,9,0,0.0,9,22,Not Enrolled
CUST01558,At-Risk,210,3,2406.87,1,3,3,7,1,0.0,1,38,Not Enrolled
CUST01559,Needs Attention,93,8,5817.8,2,5,5,12,3,12.5,5,8,Not Enrolled
CUST01560,Needs Attention,8,3,1682.37,5,3,3,11,1,33.3,14,6,Not Enrolled
CUST01561,Dormant,153,1,567.89,1,1,1,3,0,0.0,5,16,Not Enrolled
CUST01562,Needs Attention,51,2,1271.3,3,2,2,7,1,50.0,17,4,Silver
CUST01563,Needs Attention,20,2,1279.74,5,2,2,9,1,50.0,0,0,Not Enrolled
CUST01564,Dormant,236,2,1155.5900000000001,1,2,2,5,0,0.0,1,45,Silver
CUST01565,Dormant,41,3,2690.33,4,3,4,11,0,0.0,4,8,Silver
CUST01566,New Customers,5,1,486.05,5,1,1,7,0,0.0,0,6,Silver
CUST01567,Dormant,345,2,1423.0500000000002,1,2,2,5,0,0.0,3,60,Silver
CUST01568,Dormant,178,2,1002.8800000000001,1,2,2,5,1,0.0,2,31,Not Enrolled
CUST01569,Dormant,81,3,3115.0,3,3,4,10,0,0.0,20,22,Platinum
CUST01570,Dormant,144,2,551.3299999999999,2,2,1,5,0,0.0,2,34,Silver
CUST01571,Needs Attention,253,5,4663.12,1,4,5,10,2,0.0,1,51,Not Enrolled
CUST01572,Dormant,227,1,1048.29,1,1,2,4,1,0.0,1,45,Platinum
CUST01573,Needs Attention,78,5,4071.61,3,4,5,12,2,0.0,7,13,Not Enrolled
CUST01574,At-Risk,161,3,2673.15,1,3,4,8,0,0.0,2,35,Not Enrolled
CUST01575,Needs Attention,165,3,4439.9800000000005,1,3,5,9,2,0.0,1,42,Not Enrolled
CUST01576,Needs Attention,82,2,2235.15,3,2,3,8,1,50.0,10,23,Silver
CUST01577,Needs Attention,107,1,343.71,2,1,1,4,1,100.0,3,16,Silver
CUST01578,New Customers,10,1,1222.13,5,1,2,8,0,0.0,4,0,Not Enrolled
CUST01579,Champions,45,8,6050.82,4,5,5,14,1,0.0,9,16,Silver
CUST01580,New Customers,18,2,912.24,5,2,2,9,0,0.0,14,10,Not Enrolled
CUST01581,Needs Attention,22,11,8927.9,4,5,5,14,5,9.1,6,5,Not Enrolled
CUST01582,Needs Attention,58,7,4264.93,3,5,5,13,2,28.6,5,14,Not Enrolled
CUST01583,At-Risk,261,3,1979.92,1,3,3,7,0,0.0,2,42,Silver
CUST01584,Champions,0,5,10650.07,5,4,5,14,0,0.0,6,0,Not Enrolled
CUST01585,New Customers,23,1,327.29,4,1,1,6,0,0.0,4,9,Not Enrolled
CUST01586,New Customers,25,1,788.8,4,1,2,7,1,0.0,7,0,Not Enrolled
CUST01587,Needs Attention,129,5,3345.9300000000003,2,4,4,10,2,20.0,10,39,Not Enrolled
CUST01588,At-Risk,145,4,3378.07,2,4,4,10,1,0.0,2,38,Silver
CUST01589,Dormant,147,2,883.23,2,2,2,6,0,0.0,1,24,Not Enrolled
CUST01590,Dormant,129,2,1250.94,2,2,2,6,0,0.0,8,29,Not Enrolled
CUST01591,Needs Attention,136,3,2829.57,2,3,4,9,2,33.3,4,23,Not Enrolled
CUST01592,Dormant,117,1,500.86,2,1,1,4,0,0.0,8,26,Silver
CUST01593,New Customers,30,1,675.24,4,1,1,6,0,0.0,18,0,Not Enrolled
CUST01594,Loyal Customers,43,4,2625.18,4,4,4,12,1,0.0,2,0,Gold
CUST01595,Dormant,59,3,1640.96,3,3,3,9,0,0.0,8,11,Not Enrolled
CUST01596,Loyal Customers,60,5,3906.69,3,4,4,11,1,20.0,7,13,Not Enrolled
CUST01597,Needs Attention,40,6,3297.58,4,5,4,13,2,16.7,4,17,Silver
CUST01598,Dormant,68,3,1366.15,3,3,2,8,0,0.0,4,0,Silver
CUST01599,Dormant,82,3,1748.0800000000002,3,3,3,9,0,0.0,3,35,Not Enrolled
CUST01600,New Customers,0,1,657.78,5,1,1,7,0,0.0,2,9,Not Enrolled
CUST01601,Needs Attention,49,5,4997.61,3,4,5,12,2,0.0,6,1,Gold
CUST01602,Dormant,22,3,1334.5700000000002,4,3,2,9,1,0.0,8,7,Gold
CUST01603,At-Risk,166,4,2882.1099999999997,1,4,4,9,1,25.0,0,27,Silver
CUST01604,Needs Attention,49,6,2549.4,3,5,3,11,2,0.0,17,33,Silver
CUST01605,New Customers,20,1,1057.43,5,1,2,8,0,0.0,3,0,Not Enrolled
CUST01606,Dormant,180,1,282.09,1,1,1,3,1,0.0,1,36,Silver
CUST01607,Dormant,155,1,1515.3,1,1,2,4,0,0.0,7,37,Not Enrolled
CUST01608,New Customers,26,1,501.47,4,1,1,6,0,0.0,1,17,Not Enrolled
CUST01609,Needs Attention,69,3,1380.23,3,3,2,8,2,0.0,4,4,Not Enrolled
CUST01610,Needs Attention,69,4,2593.45,3,4,4,11,2,25.0,4,12,Not Enrolled
CUST01611,Needs Attention,28,6,3039.58,4,5,4,13,2,0.0,1,6,Gold
CUST01612,Dormant,283,1,725.09,1,1,1,3,0,0.0,1,60,Not Enrolled
CUST01613,At-Risk,255,2,1983.37,1,2,3,6,0,0.0,0,60,Not Enrolled
CUST01614,Needs Attention,103,9,5758.2,2,5,5,12,3,11.1,4,4,Not Enrolled
CUST01615,Dormant,1,3,1862.39,5,3,3,11,1,0.0,3,3,Not Enrolled
CUST01616,Needs Attention,160,6,4472.110000000001,1,5,5,11,2,16.7,4,17,Not Enrolled
CUST01617,Needs Attention,71,4,3694.23,3,4,4,11,2,25.0,9,6,Silver
CUST01618,Loyal Customers,84,6,4011.61,3,5,4,12,0,0.0,2,30,Silver
CUST01619,Dormant,2,3,1148.84,5,3,2,10,0,0.0,8,5,Not Enrolled
CUST01620,Champions,4,6,3750.7,5,5,4,14,0,0.0,7,2,Not Enrolled
CUST01621,Champions,26,6,4125.91,4,5,5,14,1,0.0,10,3,Silver
CUST01622,Needs Attention,15,7,3807.67,5,5,4,14,2,0.0,6,4,Not Enrolled
CUST01623,At-Risk,359,2,1834.9099999999999,1,2,3,6,0,0.0,0,60,Not Enrolled
CUST01624,Loyal Customers,75,4,2439.45,3,4,3,10,1,25.0,11,11,Silver
CUST01625,Dormant,10,3,1125.83,5,3,2,10,1,0.0,7,3,Silver
CUST01626,Loyal Customers,28,4,2267.6099999999997,4,4,3,11,0,0.0,6,1,Silver
CUST01627,At-Risk,295,4,2804.23,1,4,4,9,0,0.0,1,53,Not Enrolled
CUST01628,Needs Attention,180,3,1760.35,1,3,3,7,1,33.3,4,25,Silver
CUST01629,Dormant,81,2,1120.0,3,2,2,7,1,0.0,1,18,Silver
CUST01630,Champions,19,8,7630.67,5,5,5,15,1,12.5,6,10,Not Enrolled
CUST01631,Champions,2,6,4758.7699999999995,5,5,5,15,1,0.0,14,0,Gold
CUST01632,New Customers,6,1,1472.62,5,1,2,8,0,0.0,4,11,Not Enrolled
CUST01633,Dormant,55,3,1093.75,3,3,2,8,1,0.0,3,19,Not Enrolled
CUST01634,New Customers,40,1,668.05,4,1,1,6,0,0.0,6,5,Gold
CUST01635,Needs Attention,42,5,3802.4,4,4,4,12,2,20.0,10,5,Silver
CUST01636,New Customers,16,1,310.14,5,1,1,7,0,0.0,10,9,Not Enrolled
CUST01637,Needs Attention,29,10,6494.71,4,5,5,14,3,0.0,8,19,Not Enrolled
CUST01638,Loyal Customers,31,5,3624.0,4,4,4,12,0,0.0,9,22,Not Enrolled
CUST01639,At-Risk,166,2,2292.2200000000003,1,2,3,6,0,0.0,3,29,Silver
CUST01640,Dormant,105,1,464.57,2,1,1,4,0,0.0,6,12,Silver
CUST01641,At-Risk,101,4,2914.92,2,4,4,10,1,0.0,13,22,Not Enrolled
CUST01642,Champions,4,5,4472.83,5,4,5,14,0,0.0,5,0,Silver
CUST01643,At-Risk,182,5,3485.7299999999996,1,4,4,9,0,0.0,5,30,Not Enrolled
CUST01644,Needs Attention,118,8,5024.66,2,5,5,12,3,12.5,5,8,Not Enrolled
CUST01645,Loyal Customers,74,4,3081.21,3,4,4,11,0,0.0,9,14,Not Enrolled
CUST01646,Loyal Customers,66,7,3917.38,3,5,4,12,0,0.0,10,5,Silver
CUST01647,Champions,10,6,5675.4,5,5,5,15,0,0.0,8,0,Gold
CUST01648,Dormant,150,1,540.77,1,1,1,3,0,0.0,2,23,Gold
CUST01649,Dormant,243,1,376.88,1,1,1,3,0,0.0,1,56,Not Enrolled
CUST01650,At-Risk,102,1,1797.67,2,1,3,6,0,0.0,9,21,Silver
CUST01651,At-Risk,87,3,2543.79,2,3,3,8,1,0.0,0,0,Not Enrolled
CUST01652,Needs Attention,40,6,3702.64,4,5,4,13,2,33.3,2,13,Not Enrolled
CUST01653,At-Risk,87,3,2168.75,2,3,3,8,1,0.0,0,5,Silver
CUST01654,Dormant,99,1,1073.19,2,1,2,5,0,0.0,2,26,Not Enrolled
CUST01655,Needs Attention,13,8,7066.74,5,5,5,15,2,0.0,2,7,Not Enrolled
CUST01656,Champions,9,6,3506.88,5,5,4,14,1,16.7,16,2,Not Enrolled
CUST01657,Dormant,328,1,149.0,1,1,1,3,0,0.0,2,60,Silver
CUST01658,Needs Attention,56,8,7356.57,3,5,5,13,2,0.0,3,13,Not Enrolled
CUST01659,Dormant,98,2,1400.5700000000002,2,2,2,6,0,0.0,8,13,Not Enrolled
CUST01660,Champions,6,8,8061.9,5,5,5,15,1,0.0,10,0,Not Enrolled
CUST01661,Needs Attention,154,2,826.76,1,2,2,5,1,50.0,0,18,Not Enrolled
CUST01662,Dormant,33,3,2215.29,4,3,3,10,0,0.0,3,6,Not Enrolled
CUST01663,Needs Attention,22,5,3881.61,4,4,4,12,2,20.0,4,14,Not Enrolled
CUST01664,Dormant,75,3,2080.54,3,3,3,9,1,0.0,20,4,Not Enrolled
CUST01665,Dormant,75,1,335.28,3,2,1,6,0,0.0,6,6,Not Enrolled
CUST01666,At-Risk,318,5,4392.38,1,4,5,10,1,0.0,5,57,Not Enrolled
CUST01667,Dormant,136,2,1307.77,2,2,2,6,0,0.0,12,27,Silver
CUST01668,At-Risk,106,8,5325.84,2,5,5,12,0,0.0,7,14,Silver
CUST01669,At-Risk,143,2,1801.98,2,2,3,7,0,0.0,0,26,Gold
CUST01670,New Customers,19,2,2472.29,5,2,3,10,1,0.0,15,5,Not Enrolled
CUST01671,Needs Attention,79,5,4824.19,3,4,5,12,2,20.0,1,22,Not Enrolled
CUST01672,Loyal Customers,29,5,2937.06,4,4,4,12,0,0.0,7,0,Silver
CUST01673,New Customers,24,1,489.02,4,2,1,7,0,0.0,3,31,Not Enrolled
CUST01674,At-Risk,116,4,1864.1999999999998,2,4,3,9,1,0.0,5,29,Not Enrolled
CUST01675,Dormant,132,2,1309.95,2,2,2,6,0,0.0,3,35,Silver
CUST01676,At-Risk,133,3,1460.8000000000002,2,3,2,7,1,0.0,5,40,Not Enrolled
CUST01677,Champions,17,6,3597.0699999999997,5,5,4,14,0,0.0,3,6,Gold
CUST01678,Loyal Customers,50,6,3935.61,3,5,4,12,0,0.0,1,11,Gold
CUST01679,Loyal Customers,29,4,2798.27,4,4,4,12,0,0.0,7,16,Silver
CUST01680,New Customers,36,1,2660.5,4,2,4,10,0,0.0,12,0,Platinum
CUST01681,Loyal Customers,53,4,3363.76,3,4,4,11,1,0.0,6,10,Platinum
CUST01682,At-Risk,227,5,1999.79,1,4,3,8,1,0.0,0,49,Not Enrolled
CUST01683,Champions,26,4,4532.08,4,4,5,13,1,0.0,7,7,Not Enrolled
CUST01684,Dormant,63,3,3554.1800000000003,3,3,4,10,0,0.0,4,8,Silver
CUST01685,At-Risk,278,6,3081.38,1,5,4,10,1,16.7,2,49,Not Enrolled
CUST01686,Dormant,138,1,699.98,2,2,1,5,1,0.0,0,38,Not Enrolled
CUST01687,Loyal Customers,81,5,2765.61,3,4,4,11,0,0.0,3,24,Not Enrolled
CUST01688,At-Risk,130,4,4056.68,2,4,5,11,1,0.0,9,26,Silver
CUST01689,Loyal Customers,62,4,2918.12,3,4,4,11,1,25.0,6,7,Silver
CUST01690,Needs Attention,70,4,3930.82,3,4,4,11,2,50.0,2,10,Not Enrolled
CUST01691,Needs Attention,89,1,591.46,2,2,1,5,1,100.0,8,17,Gold
CUST01692,Needs Attention,176,7,4276.32,1,5,5,11,3,28.6,6,27,Not Enrolled
CUST01693,New Customers,33,1,483.01,4,2,1,7,0,0.0,11,5,Not Enrolled
CUST01694,New Customers,38,1,759.46,4,2,1,7,0,0.0,10,2,Not Enrolled
CUST01695,Loyal Customers,72,4,1763.04,3,4,3,10,1,0.0,22,2,Gold
CUST01696,At-Risk,127,2,1047.8,2,3,2,7,0,0.0,1,16,Not Enrolled
CUST01697,Dormant,62,3,2717.38,3,3,4,10,0,0.0,5,14,Not Enrolled
CUST01698,Needs Attention,68,8,7824.55,3,5,5,13,4,25.0,5,0,Not Enrolled
CUST01699,At-Risk,242,6,3095.45,1,5,4,10,0,0.0,2,60,Not Enrolled
CUST01700,Dormant,6,3,2536.5,5,3,3,11,0,0.0,14,22,Not Enrolled
CUST01701,New Customers,14,1,388.29,5,2,1,8,0,0.0,3,16,Not Enrolled
CUST01702,At-Risk,209,3,2444.42,1,3,3,7,0,0.0,3,31,Not Enrolled
CUST01703,Dormant,7,2,2037.6100000000001,5,3,3,11,0,0.0,6,4,Not Enrolled
CUST01704,Dormant,47,1,926.37,3,2,2,7,0,0.0,13,24,Not Enrolled
CUST01705,Dormant,29,3,1829.77,4,3,3,10,1,0.0,21,0,Gold
CUST01706,Champions,6,6,3962.25,5,5,4,14,1,0.0,6,0,Silver
CUST01707,Dormant,2,2,1446.76,5,3,2,10,1,0.0,5,0,Gold
CUST01708,Dormant,5,3,1319.75,5,3,2,10,0,0.0,7,0,Not Enrolled
CUST01709,At-Risk,157,3,1524.54,1,3,2,6,0,0.0,1,26,Gold
CUST01710,Dormant,58,3,1236.27,3,3,2,8,1,0.0,10,0,Silver
CUST01711,At-Risk,110,4,2242.31,2,4,3,9,0,0.0,2,27,Not Enrolled
CUST01712,New Customers,25,1,828.82,4,2,2,8,1,0.0,9,23,Not Enrolled
CUST01713,Needs Attention,41,7,5539.05,4,5,5,14,3,28.6,1,10,Not Enrolled
CUST01714,At-Risk,132,8,7387.29,2,5,5,12,1,0.0,0,36,Silver
CUST01715,Needs Attention,121,4,2342.73,2,4,3,9,2,0.0,4,35,Platinum
CUST01716,Needs Attention,31,3,2688.8500000000004,4,3,4,11,1,33.3,1,6,Gold
CUST01717,At-Risk,125,5,5726.24,2,4,5,11,0,0.0,6,12,Silver
CUST01718,Needs Attention,133,12,6556.120000000001,2,5,5,12,3,16.7,4,19,Platinum
CUST01719,At-Risk,148,4,2725.06,1,4,4,9,1,0.0,4,20,Silver
CUST01720,Dormant,13,3,1236.77,5,3,2,10,1,0.0,9,3,Not Enrolled
CUST01721,New Customers,38,1,617.29,4,2,1,7,0,0.0,5,19,Not Enrolled
CUST01722,Dormant,59,1,359.06,3,2,1,6,0,0.0,1,9,Silver
CUST01723,Needs Attention,16,6,7673.5,5,5,5,15,2,0.0,4,7,Silver
CUST01724,Dormant,39,2,1680.71,4,3,3,10,0,0.0,12,14,Not Enrolled
CUST01725,New Customers,44,1,632.03,4,2,1,7,1,0.0,8,20,Silver
CUST01726,New Customers,23,1,1507.03,4,2,2,8,0,0.0,17,4,Not Enrolled
CUST01727,Loyal Customers,1,4,1657.76,5,4,3,12,0,0.0,13,1,Silver
CUST01728,Dormant,10,2,1236.25,5,3,2,10,0,0.0,5,0,Platinum
CUST01729,Needs Attention,8,2,2079.31,5,3,3,11,2,50.0,11,0,Silver
CUST01730,Needs Attention,120,7,5329.4400000000005,2,5,5,12,4,14.3,7,15,Gold
CUST01731,At-Risk,102,4,2888.49,2,4,4,10,0,0.0,1,15,Not Enrolled
CUST01732,Needs Attention,9,7,7979.33,5,5,5,15,2,0.0,4,4,Not Enrolled
CUST01733,Needs Attention,92,4,2532.24,2,4,3,9,3,75.0,2,18,Not Enrolled
CUST01734,Needs Attention,160,5,5871.23,1,4,5,10,2,0.0,2,39,Silver
CUST01735,Needs Attention,61,2,1287.08,3,3,2,8,1,50.0,6,4,Not Enrolled
CUST01736,Needs Attention,13,4,2197.62,5,4,3,12,2,25.0,8,13,Silver
CUST01737,New Customers,26,1,512.92,4,2,1,7,0,0.0,9,7,Silver
CUST01738,Loyal Customers,39,4,2851.85,4,4,4,12,0,0.0,7,6,Silver
CUST01739,Dormant,75,1,349.72,3,2,1,6,0,0.0,5,7,Silver
CUST01740,New Customers,22,1,717.61,4,2,1,7,0,0.0,1,5,Not Enrolled
CUST01741,Champions,29,7,6413.37,4,5,5,14,1,0.0,2,0,Not Enrolled
CUST01742,At-Risk,130,6,3970.62,2,5,4,11,1,16.7,13,34,Not Enrolled
CUST01743,At-Risk,90,3,1294.36,2,3,2,7,1,0.0,6,14,Platinum
CUST01744,Dormant,111,1,1021.08,2,2,2,6,0,0.0,3,19,Not Enrolled
CUST01745,At-Risk,204,2,806.46,1,3,2,6,0,0.0,6,45,Not Enrolled
CUST01746,At-Risk,239,4,2960.62,1,4,4,9,1,0.0,1,48,Not Enrolled
CUST01747,New Customers,24,1,1498.03,4,2,2,8,0,0.0,7,5,Gold
CUST01748,New Customers,36,1,150.03,4,2,1,7,0,0.0,4,10,Silver
CUST01749,At-Risk,190,2,1709.8200000000002,1,3,3,7,1,0.0,0,36,Silver
CUST01750,Dormant,137,1,556.93,2,2,1,5,0,0.0,4,39,Not Enrolled
CUST01751,Dormant,61,1,332.52,3,2,1,6,0,0.0,3,7,Not Enrolled
CUST01752,Dormant,171,1,516.34,1,2,1,4,0,0.0,2,26,Not Enrolled
CUST01753,Dormant,43,2,912.8100000000001,4,3,2,9,0,0.0,4,6,Gold
CUST01754,Dormant,13,2,806.9000000000001,5,3,2,10,0,0.0,4,0,Not Enrolled
CUST01755,Needs Attention,152,6,3652.4,1,5,4,10,2,16.7,3,29,Not Enrolled
CUST01756,At-Risk,90,7,6859.41,2,5,5,12,0,0.0,12,8,Silver
CUST01757,At-Risk,167,2,1856.03,1,3,3,7,0,0.0,1,40,Silver
CUST01758,Dormant,78,1,411.88,3,2,1,6,0,0.0,2,10,Not Enrolled
CUST01759,At-Risk,89,2,1973.57,2,3,3,8,0,0.0,3,21,Not Enrolled
CUST01760,Needs Attention,69,7,5472.3099999999995,3,5,5,13,3,0.0,2,5,Not Enrolled
CUST01761,Needs Attention,89,11,7359.26,2,5,5,12,3,9.1,2,21,Not Enrolled
CUST01762,Needs Attention,66,8,5954.5,3,5,5,13,2,0.0,1,16,Not Enrolled
CUST01763,Needs Attention,8,1,705.53,5,2,1,8,1,100.0,3,0,Not Enrolled
CUST01764,Dormant,45,3,1471.8400000000001,4,3,2,9,1,0.0,5,3,Not Enrolled
CUST01765,At-Risk,265,2,1739.8,1,3,3,7,0,0.0,0,51,Not Enrolled
CUST01766,Dormant,163,1,561.64,1,2,1,4,0,0.0,4,36,Not Enrolled
CUST01767,Needs Attention,145,3,1605.14,2,3,3,8,3,0.0,5,33,Not Enrolled
CUST01768,At-Risk,101,7,5814.4400000000005,2,5,5,12,1,14.3,10,28,Not Enrolled
CUST01769,Needs Attention,55,5,5381.57,3,4,5,12,2,20.0,10,11,Not Enrolled
CUST01770,Needs Attention,58,3,1327.79,3,3,2,8,2,33.3,2,4,Gold
CUST01771,Loyal Customers,58,4,2990.29,3,4,4,11,0,0.0,14,0,Gold
CUST01772,At-Risk,254,2,1751.38,1,3,3,7,0,0.0,0,53,Not Enrolled
CUST01773,At-Risk,196,5,4845.14,1,4,5,10,1,0.0,5,41,Gold
CUST01774,Needs Attention,152,6,3826.09,1,5,4,10,3,33.3,0,22,Gold
CUST01775,Dormant,49,2,1120.32,3,3,2,8,1,0.0,6,14,Not Enrolled
CUST01776,Dormant,79,2,2686.35,3,3,4,10,0,0.0,4,12,Not Enrolled
CUST01777,At-Risk,167,5,3035.66,1,4,4,9,1,20.0,6,44,Not Enrolled
CUST01778,Dormant,87,1,512.32,2,2,1,5,0,0.0,6,17,Not Enrolled
CUST01779,Needs Attention,167,4,3408.21,1,4,4,9,2,0.0,3,37,Not Enrolled
CUST01780,Needs Attention,5,3,2803.73,5,3,4,12,3,0.0,8,0,Not Enrolled
CUST01781,Dormant,241,1,1360.78,1,2,2,5,1,0.0,3,53,Not Enrolled
CUST01782,At-Risk,137,7,4334.56,2,5,5,12,0,0.0,1,31,Not Enrolled
CUST01783,Loyal Customers,21,4,2577.89,4,4,4,12,0,0.0,1,0,Not Enrolled
CUST01784,Needs Attention,67,3,2180.12,3,3,3,9,1,33.3,12,20,Not Enrolled
CUST01785,New Customers,14,1,982.58,5,2,2,9,0,0.0,1,6,Not Enrolled
CUST01786,Needs Attention,23,6,3745.53,4,5,4,13,3,16.7,2,9,Gold
CUST01787,Dormant,75,1,1770.53,3,2,3,8,0,0.0,6,16,Gold
CUST01788,Needs Attention,54,5,3455.7,3,4,4,11,2,20.0,4,0,Silver
CUST01789,Dormant,52,1,341.52,3,2,1,6,0,0.0,6,0,Not Enrolled
CUST01790,Dormant,40,3,1750.7,4,3,3,10,0,0.0,1,12,Not Enrolled
CUST01791,Dormant,82,2,516.61,3,3,1,7,0,0.0,5,12,Not Enrolled
CUST01792,New Customers,36,1,821.29,4,2,2,8,0,0.0,12,0,Not Enrolled
CUST01793,Loyal Customers,48,4,5185.16,3,4,5,12,1,0.0,3,15,Not Enrolled
CUST01794,Dormant,26,2,1843.9,4,3,3,10,0,0.0,8,0,Silver
CUST01795,Dormant,89,1,1266.99,2,2,2,6,1,0.0,7,12,Not Enrolled
CUST01796,New Customers,33,1,500.81,4,2,1,7,0,0.0,4,8,Silver
CUST01797,Needs Attention,117,1,1593.85,2,2,3,7,1,100.0,6,31,Silver
CUST01798,At-Risk,103,4,3577.66,2,4,4,10,1,0.0,5,2,Platinum
CUST01799,Dormant,74,1,659.32,3,2,1,6,1,0.0,0,12,Silver
CUST01800,Dormant,122,1,507.22,2,2,1,5,0,0.0,5,25,Silver
CUST01801,New Customers,24,1,371.61,4,2,1,7,1,0.0,10,15,Not Enrolled
CUST01802,At-Risk,139,3,1461.8,2,3,2,7,1,0.0,3,14,Silver
CUST01803,Needs Attention,104,3,2088.76,2,3,3,8,2,0.0,1,15,Silver
CUST01804,At-Risk,177,3,1552.45,1,3,3,7,0,0.0,4,42,Not Enrolled
CUST01805,New Customers,37,1,433.16,4,2,1,7,0,0.0,0,23,Gold
CUST01806,Dormant,50,1,411.72,3,2,1,6,0,0.0,8,1,Gold
CUST01807,Needs Attention,74,3,3341.2,3,3,4,10,1,33.3,3,18,Silver
CUST01808,Champions,17,6,3618.0299999999997,5,5,4,14,1,0.0,5,2,Not Enrolled
CUST01809,Champions,45,7,7139.78,4,5,5,14,1,14.3,2,8,Not Enrolled
CUST01810,New Customers,28,1,381.71,4,2,1,7,0,0.0,8,25,Not Enrolled
CUST01811,Needs Attention,69,4,3016.58,3,4,4,11,3,0.0,7,22,Silver
CUST01812,Loyal Customers,25,4,2569.42,4,4,4,12,0,0.0,16,0,Platinum
CUST01813,Loyal Customers,22,5,3758.42,4,4,4,12,1,20.0,5,0,Gold
CUST01814,New Customers,43,1,579.84,4,2,1,7,1,0.0,6,6,Not Enrolled
CUST01815,New Customers,4,1,762.94,5,2,1,8,0,0.0,4,8,Not Enrolled
CUST01816,Dormant,189,1,507.79,1,2,1,4,0,0.0,2,45,Silver
CUST01817,At-Risk,147,7,5667.97,2,5,5,12,1,0.0,6,30,Not Enrolled
CUST01818,At-Risk,168,5,3080.04,1,4,4,9,1,0.0,1,38,Silver
CUST01819,Needs Attention,82,2,1750.5700000000002,3,3,3,9,2,50.0,2,19,Silver
CUST01820,Needs Attention,6,9,6136.3099999999995,5,5,5,15,4,0.0,7,16,Silver
CUST01821,Loyal Customers,41,5,3708.96,4,4,4,12,0,0.0,2,25,Gold
CUST01822,Dormant,50,2,2116.75,3,3,3,9,1,0.0,1,11,Not Enrolled
CUST01823,Loyal Customers,32,4,3657.11,4,4,4,12,0,0.0,6,0,Not Enrolled
CUST01824,Needs Attention,201,5,5499.38,1,4,5,10,2,0.0,4,37,Not Enrolled
CUST01825,New Customers,16,1,561.93,5,2,1,8,1,0.0,14,0,Platinum
CUST01826,Loyal Customers,57,5,3208.37,3,4,4,11,0,0.0,0,15,Silver
CUST01827,Dormant,5,2,1217.56,5,3,2,10,0,0.0,8,0,Silver
CUST01828,At-Risk,122,3,1876.83,2,3,3,8,0,0.0,5,16,Not Enrolled
CUST01829,At-Risk,101,7,4605.35,2,5,5,12,1,0.0,4,17,Gold
CUST01830,Loyal Customers,27,4,2433.02,4,4,3,11,1,0.0,2,4,Not Enrolled
CUST01831,New Customers,11,1,448.22,5,2,1,8,1,0.0,13,3,Not Enrolled
CUST01832,At-Risk,95,5,5038.610000000001,2,4,5,11,1,0.0,3,30,Not Enrolled
CUST01833,Champions,27,7,4261.32,4,5,5,14,0,0.0,1,7,Gold
CUST01834,New Customers,2,1,715.74,5,2,1,8,0,0.0,5,0,Gold
CUST01835,Dormant,132,1,710.25,2,2,1,5,0,0.0,15,20,Silver
CUST01836,At-Risk,125,6,3567.04,2,5,4,11,1,0.0,12,19,Not Enrolled
CUST01837,Dormant,76,1,441.28,3,2,1,6,0,0.0,5,9,Not Enrolled
CUST01838,Dormant,64,2,775.96,3,3,2,8,0,0.0,7,16,Not Enrolled
CUST01839,Dormant,0,3,1378.5,5,3,2,10,0,0.0,15,0,Platinum
CUST01840,At-Risk,101,3,1327.8,2,3,2,7,0,0.0,5,9,Platinum
CUST01841,Champions,14,5,3198.59,5,4,4,13,1,0.0,17,14,Silver
CUST01842,Dormant,161,1,1332.91,1,2,2,5,0,0.0,0,31,Not Enrolled
CUST01843,Dormant,25,2,2693.71,4,3,4,11,0,0.0,8,3,Not Enrolled
CUST01844,At-Risk,125,7,4849.78,2,5,5,12,1,0.0,8,18,Silver
CUST01845,Dormant,164,1,545.67,1,2,1,4,0,0.0,3,53,Not Enrolled
CUST01846,Needs Attention,76,7,4758.75,3,5,5,13,4,0.0,5,10,Not Enrolled
CUST01847,New Customers,16,1,1293.93,5,2,2,9,0,0.0,2,1,Not Enrolled
CUST01848,Champions,1,5,5180.32,5,4,5,14,1,0.0,10,1,Not Enrolled
CUST01849,New Customers,34,1,385.85,4,2,1,7,0,0.0,3,12,Not Enrolled
CUST01850,Dormant,28,3,1714.05,4,3,3,10,0,0.0,5,7,Silver
CUST01851,Dormant,355,1,289.22,1,2,1,4,0,0.0,2,60,Not Enrolled
CUST01852,Dormant,48,1,572.93,3,2,1,6,1,0.0,2,0,Silver
CUST01853,Needs Attention,153,6,3611.41,1,5,4,10,3,16.7,0,27,Silver
CUST01854,At-Risk,150,2,1301.87,1,3,2,6,0,0.0,5,19,Not Enrolled
CUST01855,Needs Attention,72,3,2387.65,3,3,3,9,3,0.0,11,5,Not Enrolled
CUST01856,Needs Attention,211,3,1379.79,1,3,2,6,3,66.7,0,44,Platinum
CUST01857,Needs Attention,74,9,5573.32,3,5,5,13,5,0.0,1,7,Not Enrolled
CUST01858,New Customers,20,1,522.62,5,2,1,8,1,0.0,9,4,Not Enrolled
CUST01859,Dormant,15,2,1262.4,5,3,2,10,0,0.0,12,0,Platinum
CUST01860,Needs Attention,1,2,914.9300000000001,5,3,2,10,2,50.0,9,19,Not Enrolled
CUST01861,Dormant,1,3,2676.62,5,3,4,12,0,0.0,4,20,Not Enrolled
CUST01862,Dormant,9,3,3486.8,5,3,4,12,0,0.0,4,17,Silver
CUST01863,Dormant,188,1,530.13,1,2,1,4,0,0.0,4,47,Not Enrolled
CUST01864,Dormant,221,1,519.75,1,2,1,4,0,0.0,3,44,Not Enrolled
CUST01865,Needs Attention,60,3,1867.7600000000002,3,3,3,9,2,0.0,4,13,Not Enrolled
CUST01866,Dormant,70,1,510.52,3,2,1,6,1,0.0,16,0,Not Enrolled
CUST01867,New Customers,11,1,663.94,5,2,1,8,0,0.0,2,0,Not Enrolled
CUST01868,Dormant,80,3,26057.29,3,3,5,11,0,0.0,4,15,Not Enrolled
CUST01869,Champions,52,8,5254.78,3,5,5,13,1,12.5,13,17,Silver
CUST01870,Needs Attention,91,4,4178.4,2,4,5,11,2,0.0,9,7,Not Enrolled
CUST01871,Dormant,100,1,1448.69,2,2,2,6,1,0.0,1,30,Not Enrolled
CUST01872,Needs Attention,41,7,4856.42,4,5,5,14,2,0.0,4,4,Not Enrolled
CUST01873,Champions,9,5,2655.24,5,4,4,13,0,0.0,5,0,Not Enrolled
CUST01874,New Customers,31,1,663.19,4,2,1,7,0,0.0,1,16,Not Enrolled
CUST01875,Needs Attention,74,7,3162.7799999999997,3,5,4,12,2,0.0,0,13,Not Enrolled
CUST01876,At-Risk,143,5,4129.84,2,4,5,11,0,0.0,1,27,Not Enrolled
CUST01877,Needs Attention,45,3,2789.21,4,3,4,11,2,33.3,1,0,Not Enrolled
CUST01878,New Customers,22,1,314.15,4,2,1,7,0,0.0,4,6,Not Enrolled
CUST01879,Needs Attention,24,1,709.74,4,2,1,7,1,100.0,5,4,Gold
CUST01880,At-Risk,231,4,1569.8400000000001,1,4,3,8,1,0.0,3,50,Not Enrolled
CUST01881,Needs Attention,8,5,3112.58,5,4,4,13,4,0.0,0,6,Platinum
CUST01882,At-Risk,219,2,965.8,1,3,2,6,0,0.0,0,41,Gold
CUST01883,Champions,5,4,2831.88,5,4,4,13,1,25.0,2,0,Not Enrolled
CUST01884,At-Risk,234,3,2372.63,1,3,3,7,1,0.0,2,51,Not Enrolled
CUST01885,Champions,6,5,3303.2799999999997,5,4,4,13,1,0.0,9,3,Silver
CUST01886,Dormant,78,2,948.26,3,3,2,8,0,0.0,6,23,Not Enrolled
CUST01887,At-Risk,126,6,3354.62,2,5,4,11,1,0.0,1,30,Not Enrolled
CUST01888,Champions,27,6,3310.32,4,5,4,13,1,0.0,3,3,Gold
CUST01889,Dormant,71,2,1553.42,3,3,3,9,0,0.0,5,20,Silver
CUST01890,Dormant,226,1,416.76,1,2,1,4,0,0.0,1,40,Not Enrolled
CUST01891,Needs Attention,217,2,3614.49,1,3,4,8,2,0.0,0,30,Not Enrolled
CUST01892,New Customers,39,1,547.55,4,2,1,7,0,0.0,5,7,Gold
CUST01893,Needs Attention,50,3,2530.01,3,3,3,9,2,0.0,2,4,Not Enrolled
CUST01894,At-Risk,195,4,3166.55,1,4,4,9,0,0.0,2,23,Silver
CUST01895,Dormant,329,1,1344.42,1,2,2,5,0,0.0,7,60,Silver
CUST01896,Dormant,70,1,177.86,3,2,1,6,0,0.0,10,23,Not Enrolled
CUST01897,Champions,28,6,4619.71,4,5,5,14,1,0.0,7,0,Not Enrolled
CUST01898,Dormant,218,1,829.18,1,2,2,5,0,0.0,1,50,Not Enrolled
CUST01899,Dormant,53,2,1576.16,3,3,3,9,1,0.0,2,7,Not Enrolled
CUST01900,Champions,75,7,5287.41,3,5,5,13,1,0.0,9,0,Not Enrolled
CUST01901,At-Risk,163,3,2344.37,1,3,3,7,0,0.0,6,32,Silver
CUST01902,Dormant,53,2,549.9300000000001,3,3,1,7,0,0.0,1,19,Silver
CUST01903,Needs Attention,20,8,5239.29,5,5,5,15,4,25.0,8,0,Not Enrolled
CUST01904,Needs Attention,39,3,2969.4300000000003,4,3,4,11,3,33.3,4,3,Silver
CUST01905,Dormant,2,3,2083.6400000000003,5,3,3,11,1,0.0,6,1,Gold
CUST01906,Dormant,81,1,555.37,3,2,1,6,0,0.0,3,28,Not Enrolled
CUST01907,Loyal Customers,32,5,3168.6099999999997,4,4,4,12,0,0.0,3,24,Silver
CUST01908,At-Risk,216,3,1025.52,1,3,2,6,0,0.0,1,49,Not Enrolled
CUST01909,New Customers,37,1,825.7,4,2,2,8,0,0.0,13,5,Silver
CUST01910,At-Risk,130,5,2642.55,2,4,4,10,0,0.0,1,40,Silver
CUST01911,Needs Attention,40,8,5924.11,4,5,5,14,2,0.0,4,9,Gold
CUST01912,Loyal Customers,43,4,1992.5,4,4,3,11,1,0.0,13,10,Not Enrolled
CUST01913,Dormant,78,1,422.52,3,2,1,6,0,0.0,2,6,Not Enrolled
CUST01914,Needs Attention,83,6,5482.889999999999,3,5,5,13,2,16.7,7,15,Platinum
CUST01915,At-Risk,273,4,3357.25,1,4,4,9,0,0.0,1,57,Not Enrolled
CUST01916,Dormant,10,2,934.02,5,3,2,10,0,0.0,3,0,Silver
CUST01917,At-Risk,196,2,1593.3,1,3,3,7,0,0.0,2,37,Silver
CUST01918,At-Risk,170,4,3621.08,1,4,4,9,0,0.0,1,39,Not Enrolled
CUST01919,New Customers,40,1,328.12,4,2,1,7,0,0.0,10,6,Not Enrolled
CUST01920,At-Risk,215,4,2814.54,1,4,4,9,1,25.0,1,48,Silver
CUST01921,Loyal Customers,75,4,2532.17,3,4,3,10,1,0.0,9,20,Not Enrolled
CUST01922,Dormant,30,3,2918.16,4,3,4,11,0,0.0,10,9,Silver
CUST01923,At-Risk,146,3,1359.38,2,3,2,7,0,0.0,9,35,Gold
CUST01924,Dormant,61,1,371.86,3,2,1,6,0,0.0,13,6,Platinum
CUST01925,New Customers,12,1,448.97,5,2,1,8,0,0.0,12,0,Not Enrolled
CUST01926,Dormant,130,1,449.37,2,2,1,5,0,0.0,5,18,Silver
CUST01927,At-Risk,163,3,3362.8999999999996,1,3,4,8,0,0.0,1,25,Platinum
CUST01928,Needs Attention,6,3,1788.02,5,3,3,11,1,33.3,14,11,Gold
CUST01929,At-Risk,163,2,735.4100000000001,1,3,1,5,0,0.0,5,29,Gold
CUST01930,Dormant,19,2,1131.9099999999999,5,3,2,10,0,0.0,2,12,Not Enrolled
CUST01931,Dormant,10,2,975.78,5,3,2,10,0,0.0,11,6,Not Enrolled
CUST01932,New Customers,12,1,1359.13,5,2,2,9,0,0.0,11,2,Platinum
CUST01933,Champions,39,6,3230.78,4,5,4,13,0,0.0,6,0,Not Enrolled
CUST01934,New Customers,33,1,585.58,4,2,1,7,0,0.0,8,0,Not Enrolled
CUST01935,Dormant,52,1,308.98,3,2,1,6,0,0.0,8,5,Not Enrolled
CUST01936,New Customers,34,1,300.34,4,2,1,7,0,0.0,8,0,Silver
CUST01937,Dormant,120,1,383.33,2,2,1,5,0,0.0,3,27,Not Enrolled
CUST01938,Needs Attention,45,4,1866.8,4,4,3,11,2,50.0,4,0,Not Enrolled
CUST01939,Loyal Customers,34,4,3249.84,4,4,4,12,1,0.0,13,15,Not Enrolled
CUST01940,Champions,8,7,6388.84,5,5,5,15,1,0.0,12,14,Not Enrolled
CUST01941,Needs Attention,47,9,5847.1900000000005,3,5,5,13,2,11.1,11,14,Not Enrolled
CUST01942,Dormant,249,1,523.56,1,2,1,4,0,0.0,4,41,Not Enrolled
CUST01943,Loyal Customers,52,4,4844.02,3,4,5,12,1,25.0,10,23,Gold
CUST01944,Needs Attention,13,7,5245.9800000000005,5,5,5,15,2,0.0,6,4,Not Enrolled
CUST01945,Dormant,118,1,554.68,2,2,1,5,0,0.0,0,24,Not Enrolled
CUST01946,Needs Attention,118,3,1522.71,2,3,2,7,2,0.0,4,10,Not Enrolled
CUST01947,At-Risk,123,7,4832.0599999999995,2,5,5,12,0,0.0,6,20,Silver
CUST01948,At-Risk,170,2,1170.93,1,3,2,6,1,0.0,3,47,Not Enrolled
CUST01949,At-Risk,136,8,9603.31,2,5,5,12,1,0.0,9,31,Silver
CUST01950,At-Risk,136,3,1395.9099999999999,2,3,2,7,0,0.0,2,32,Not Enrolled
CUST01951,At-Risk,125,4,2559.6099999999997,2,4,3,9,1,0.0,2,46,Silver
CUST01952,At-Risk,313,2,922.6,1,3,2,6,0,0.0,3,59,Not Enrolled
CUST01953,Dormant,176,1,886.28,1,2,2,5,0,0.0,0,38,Not Enrolled
CUST01954,Needs Attention,50,10,7300.599999999999,3,5,5,13,3,20.0,2,12,Not Enrolled
CUST01955,Needs Attention,25,7,2957.63,4,5,4,13,2,0.0,11,2,Gold
CUST01956,Dormant,78,1,301.98,3,2,1,6,0,0.0,5,2,Not Enrolled
CUST01957,At-Risk,210,3,2989.2,1,3,4,8,1,0.0,3,50,Gold
CUST01958,Needs Attention,113,7,3390.38,2,5,4,11,4,14.3,5,20,Silver
CUST01959,New Customers,9,1,676.52,5,2,1,8,0,0.0,4,2,Not Enrolled
CUST01960,New Customers,25,1,1173.93,4,2,2,8,0,0.0,4,3,Not Enrolled
CUST01961,Needs Attention,79,4,3056.04,3,4,4,11,2,0.0,1,16,Not Enrolled
CUST01962,Needs Attention,142,8,5467.6900000000005,2,5,5,12,2,12.5,2,23,Not Enrolled
CUST01963,Dormant,113,1,827.54,2,2,2,6,0,0.0,6,30,Not Enrolled
CUST01964,New Customers,15,1,848.15,5,2,2,9,0,0.0,4,0,Silver
CUST01965,At-Risk,196,2,1060.55,1,3,2,6,1,0.0,3,39,Not Enrolled
CUST01966,Champions,49,6,5099.78,3,5,5,13,1,16.7,9,16,Not Enrolled
CUST01967,Needs Attention,28,4,1574.64,4,4,3,11,2,0.0,12,2,Not Enrolled
CUST01968,Needs Attention,59,1,1323.58,3,2,2,7,1,100.0,2,3,Platinum
CUST01969,Dormant,80,2,1641.0,3,3,3,9,1,0.0,3,23,Not Enrolled
CUST01970,Dormant,84,3,1898.37,3,3,3,9,0,0.0,14,17,Gold
CUST01971,Needs Attention,10,2,2559.3999999999996,5,3,3,11,1,50.0,12,6,Not Enrolled
CUST01972,Needs Attention,4,9,4551.23,5,5,5,15,2,11.1,15,0,Not Enrolled
CUST01973,At-Risk,89,3,2694.88,2,3,4,9,0,0.0,18,23,Not Enrolled
CUST01974,Needs Attention,54,5,2533.77,3,4,3,10,2,0.0,9,2,Silver
CUST01975,Loyal Customers,57,5,3442.37,3,4,4,11,1,0.0,9,6,Not Enrolled
CUST01976,Needs Attention,100,5,4264.75,2,4,5,11,3,20.0,15,25,Not Enrolled
CUST01977,Dormant,68,2,1844.12,3,3,3,9,1,0.0,8,8,Not Enrolled
CUST01978,Needs Attention,156,7,6034.36,1,5,5,11,2,14.3,2,27,Platinum
CUST01979,Dormant,61,1,669.46,3,2,1,6,0,0.0,13,7,Silver
CUST01980,Champions,1,8,7551.46,5,5,5,15,1,12.5,10,3,Not Enrolled
CUST01981,Loyal Customers,84,4,4730.360000000001,3,4,5,12,1,0.0,13,12,Not Enrolled
CUST01982,Needs Attention,36,7,4060.75,4,5,5,14,2,0.0,5,11,Silver
CUST01983,Dormant,67,3,1024.8700000000001,3,3,2,8,0,0.0,13,13,Not Enrolled
CUST01984,Needs Attention,21,8,4659.86,4,5,5,14,2,0.0,8,9,Not Enrolled
CUST01985,Dormant,75,1,1983.49,3,2,3,8,0,0.0,12,12,Not Enrolled
CUST01986,Needs Attention,5,5,5637.98,5,4,5,14,3,40.0,17,1,Gold
CUST01987,Dormant,127,1,299.78,2,2,1,5,0,0.0,4,27,Not Enrolled
CUST01988,Dormant,52,1,824.71,3,2,2,7,0,0.0,2,3,Not Enrolled
CUST01989,Dormant,70,3,1255.63,3,3,2,8,0,0.0,0,10,Silver
CUST01990,Loyal Customers,59,4,3877.7699999999995,3,4,4,11,0,0.0,11,7,Silver
CUST01991,Needs Attention,65,7,5405.02,3,5,5,13,2,14.3,8,13,Silver
CUST01992,Dormant,50,1,1412.07,3,2,2,7,0,0.0,7,16,Not Enrolled
CUST01993,Needs Attention,23,6,3224.71,4,5,4,13,2,0.0,0,7,Not Enrolled
CUST01994,Champions,83,6,4371.35,3,5,5,13,0,0.0,0,11,Not Enrolled
CUST01995,At-Risk,144,5,2602.16,2,5,4,11,1,0.0,2,24,Not Enrolled
CUST01996,At-Risk,206,2,1407.45,1,3,2,6,0,0.0,2,51,Gold
CUST01997,Dormant,23,2,2544.7,4,3,3,10,0,0.0,9,4,Silver
CUST01998,Needs Attention,6,7,8151.54,5,5,5,15,2,14.3,13,0,Gold
CUST01999,Dormant,70,2,762.25,3,3,1,7,0,0.0,4,14,Gold
CUST02000,Needs Attention,96,10,4734.83,2,5,5,12,2,0.0,11,18,Gold
CUST02001,New Customers,5,1,519.52,5,2,1,8,0,0.0,12,2,Silver
CUST02002,Champions,27,6,5905.59,4,5,5,14,1,0.0,7,0,Not Enrolled
CUST02003,At-Risk,169,2,1381.48,1,3,2,6,0,0.0,3,30,Not Enrolled
CUST02004,New Customers,1,1,1164.15,5,2,2,9,0,0.0,6,6,Not Enrolled
CUST02005,Champions,7,5,2573.5,5,5,4,14,1,0.0,6,0,Not Enrolled
CUST02006,At-Risk,99,1,1872.67,2,2,3,7,0,0.0,2,12,Not Enrolled
CUST02007,At-Risk,152,6,5058.75,1,5,5,11,1,0.0,5,33,Platinum
CUST02008,Needs Attention,228,4,4601.66,1,4,5,10,2,25.0,3,39,Not Enrolled
CUST02009,Loyal Customers,31,4,3434.0099999999998,4,4,4,12,1,25.0,1,0,Gold
CUST02010,At-Risk,97,2,3814.95,2,3,4,9,0,0.0,6,24,Not Enrolled
CUST02011,At-Risk,130,4,4620.1,2,4,5,11,0,0.0,2,27,Not Enrolled
CUST02012,New Customers,4,1,397.31,5,2,1,8,1,0.0,7,2,Silver
CUST02013,New Customers,19,1,496.68,5,2,1,8,0,0.0,7,18,Silver
CUST02014,New Customers,39,1,585.15,4,2,1,7,0,0.0,0,4,Not Enrolled
CUST02015,At-Risk,212,4,5003.34,1,4,5,10,0,0.0,4,47,Not Enrolled
CUST02016,New Customers,15,1,359.18,5,2,1,8,0,0.0,17,4,Not Enrolled
CUST02017,Dormant,77,2,1871.94,3,3,3,9,0,0.0,12,20,Gold
CUST02018,New Customers,46,1,873.21,4,2,2,8,1,0.0,17,13,Not Enrolled
CUST02019,Needs Attention,55,7,4765.56,3,5,5,13,2,14.3,7,14,Not Enrolled
CUST02020,Dormant,30,3,2876.52,4,3,4,11,0,0.0,8,8,Not Enrolled
CUST02021,Champions,9,4,3437.71,5,4,4,13,1,25.0,12,0,Gold
CUST02022,New Customers,44,1,329.75,4,2,1,7,1,0.0,1,4,Not Enrolled
CUST02023,New Customers,44,1,888.97,4,2,2,8,0,0.0,7,10,Not Enrolled
CUST02024,Champions,1,10,6196.01,5,5,5,15,0,0.0,17,6,Silver
CUST02025,Champions,44,5,4736.54,4,5,5,14,0,0.0,3,1,Not Enrolled
CUST02026,Champions,34,5,4265.33,4,5,5,14,0,0.0,2,3,Not Enrolled
CUST02027,Dormant,12,3,2947.52,5,3,4,12,0,0.0,7,0,Not Enrolled
CUST02028,At-Risk,127,2,1517.08,2,3,2,7,0,0.0,3,25,Gold
CUST02029,Dormant,80,3,1502.72,3,3,2,8,1,0.0,0,9,Silver
CUST02030,Champions,7,5,2940.72,5,5,4,14,0,0.0,18,0,Gold
CUST02031,At-Risk,167,2,734.56,1,3,1,5,0,0.0,2,35,Not Enrolled
CUST02032,At-Risk,342,2,1046.18,1,3,2,6,0,0.0,2,60,Not Enrolled
CUST02033,At-Risk,112,4,2919.45,2,4,4,10,0,0.0,9,25,Gold
CUST02034,New Customers,13,1,568.26,5,2,1,8,0,0.0,9,4,Not Enrolled
CUST02035,At-Risk,93,3,2201.39,2,3,3,8,1,0.0,0,23,Gold
CUST02036,Champions,38,8,5443.38,4,5,5,14,0,0.0,6,5,Not Enrolled
CUST02037,Needs Attention,1,2,1131.94,5,3,2,10,2,100.0,3,2,Gold
CUST02038,At-Risk,262,3,1941.74,1,3,3,7,1,0.0,3,57,Platinum
CUST02039,At-Risk,160,3,1806.76,1,3,3,7,1,0.0,0,18,Not Enrolled
CUST02040,New Customers,1,1,686.12,5,2,1,8,0,0.0,14,11,Not Enrolled
CUST02041,Needs Attention,15,5,6809.49,5,5,5,15,2,20.0,7,14,Silver
CUST02042,Loyal Customers,68,4,2102.49,3,4,3,10,1,0.0,6,0,Not Enrolled
CUST02043,New Customers,10,1,429.28,5,2,1,8,0,0.0,6,8,Not Enrolled
CUST02044,Champions,0,7,5404.4400000000005,5,5,5,15,1,0.0,14,0,Not Enrolled
CUST02045,Dormant,92,1,626.4,2,2,1,5,0,0.0,5,31,Not Enrolled
CUST02046,Needs Attention,282,6,4967.95,1,5,5,11,2,0.0,6,52,Platinum
CUST02047,Champions,61,7,6827.32,3,5,5,13,0,0.0,1,16,Not Enrolled
CUST02048,Dormant,187,1,683.23,1,2,1,4,0,0.0,0,26,Silver
CUST02049,Loyal Customers,81,6,3627.55,3,5,4,12,1,0.0,6,21,Silver
CUST02050,Dormant,15,2,985.3000000000001,5,3,2,10,1,0.0,4,0,Not Enrolled
CUST02051,Dormant,85,3,2953.97,3,3,4,10,1,0.0,0,23,Gold
CUST02052,Dormant,55,3,4211.0599999999995,3,3,5,11,0,0.0,2,12,Silver
CUST02053,Dormant,61,2,1075.67,3,3,2,8,0,0.0,0,0,Not Enrolled
CUST02054,Champions,29,7,7547.42,4,5,5,14,1,14.3,9,5,Not Enrolled
CUST02055,Loyal Customers,73,6,3391.84,3,5,4,12,0,0.0,1,13,Not Enrolled
CUST02056,At-Risk,195,2,1281.97,1,3,2,6,0,0.0,2,35,Gold
CUST02057,Dormant,3,2,1878.1,5,3,3,11,0,0.0,10,0,Not Enrolled
CUST02058,New Customers,12,1,1013.35,5,2,2,9,0,0.0,0,0,Not Enrolled
CUST02059,Dormant,53,3,2449.99,3,3,3,9,1,0.0,2,7,Not Enrolled
CUST02060,Needs Attention,23,2,1331.01,4,3,2,9,2,50.0,4,6,Not Enrolled
CUST02061,Needs Attention,102,5,3294.69,2,5,4,11,2,0.0,7,13,Platinum
CUST02062,At-Risk,161,4,3844.48,1,4,4,9,0,0.0,0,22,Silver
CUST02063,Loyal Customers,38,4,1973.4899999999998,4,4,3,11,1,25.0,7,19,Not Enrolled
CUST02064,Needs Attention,69,3,2866.45,3,3,4,10,1,33.3,2,0,Not Enrolled
CUST02065,At-Risk,172,5,3492.37,1,5,4,10,1,20.0,1,37,Not Enrolled
CUST02066,Dormant,48,1,656.93,3,2,1,6,1,0.0,9,5,Not Enrolled
CUST02067,Needs Attention,55,7,8726.75,3,5,5,13,3,0.0,5,9,Gold
CUST02068,Dormant,7,2,1629.56,5,3,3,11,0,0.0,11,0,Gold
CUST02069,Dormant,315,1,791.45,1,2,2,5,0,0.0,2,57,Not Enrolled
CUST02070,Dormant,80,1,557.51,3,2,1,6,1,0.0,11,32,Not Enrolled
CUST02071,New Customers,17,1,887.16,5,2,2,9,0,0.0,12,0,Gold
CUST02072,Champions,35,11,7176.07,4,5,5,14,1,0.0,4,1,Not Enrolled
CUST02073,New Customers,34,1,462.53,4,2,1,7,0,0.0,0,3,Not Enrolled
CUST02074,New Customers,36,1,1003.93,4,2,2,8,0,0.0,7,0,Silver
CUST02075,At-Risk,271,5,2192.94,1,5,3,9,1,20.0,0,59,Not Enrolled
CUST02076,At-Risk,213,4,3480.34,1,4,4,9,0,0.0,1,35,Not Enrolled
CUST02077,Loyal Customers,78,5,2528.43,3,5,3,11,0,0.0,3,27,Silver
CUST02078,Needs Attention,29,8,3814.58,4,5,4,13,3,0.0,3,12,Gold
CUST02079,Needs Attention,19,7,4373.8099999999995,5,5,5,15,3,28.6,1,6,Not Enrolled
CUST02080,Needs Attention,178,3,2768.41,1,3,4,8,1,33.3,1,37,Not Enrolled
CUST02081,Needs Attention,166,9,5848.4400000000005,1,5,5,11,2,0.0,3,45,Gold
CUST02082,At-Risk,124,2,1444.5700000000002,2,3,2,7,0,0.0,1,39,Not Enrolled
CUST02083,Dormant,28,2,1606.4,4,3,3,10,0,0.0,4,19,Not Enrolled
CUST02084,Dormant,165,1,481.85,1,2,1,4,0,0.0,2,41,Not Enrolled
CUST02085,New Customers,3,1,682.7,5,2,1,8,0,0.0,1,0,Not Enrolled
CUST02086,Dormant,40,2,1886.35,4,3,3,10,0,0.0,8,1,Silver
CUST02087,New Customers,14,1,479.82,5,2,1,8,0,0.0,3,0,Silver
CUST02088,Dormant,41,3,1761.31,4,3,3,10,1,0.0,1,11,Not Enrolled
CUST02089,New Customers,20,1,542.75,5,2,1,8,0,0.0,1,8,Not Enrolled
CUST02090,Needs Attention,80,2,852.76,3,3,2,8,1,50.0,1,6,Silver
CUST02091,New Customers,19,1,872.98,5,2,2,9,0,0.0,10,4,Not Enrolled
CUST02092,At-Risk,174,3,2595.52,1,3,4,8,1,0.0,2,31,Gold
CUST02093,Dormant,11,2,1202.49,5,3,2,10,0,0.0,8,0,Gold
CUST02094,At-Risk,96,2,1171.49,2,3,2,7,0,0.0,1,33,Gold
CUST02095,At-Risk,163,2,1605.26,1,3,3,7,1,0.0,0,29,Silver
CUST02096,Dormant,5,3,2926.04,5,3,4,12,0,0.0,9,0,Not Enrolled
CUST02097,Loyal Customers,59,4,2180.25,3,4,3,10,1,0.0,5,3,Silver
CUST02098,Dormant,223,1,558.72,1,2,1,4,0,0.0,8,32,Silver
CUST02099,At-Risk,107,3,2275.89,2,3,3,8,0,0.0,2,25,Silver
CUST02100,Needs Attention,23,8,4274.82,4,5,5,14,2,12.5,13,17,Not Enrolled
CUST02101,Needs Attention,18,7,4502.69,5,5,5,15,2,0.0,6,0,Not Enrolled
CUST02102,Champions,17,6,3780.56,5,5,4,14,0,0.0,19,10,Platinum
CUST02103,Dormant,44,2,1052.31,4,3,2,9,1,0.0,0,0,Platinum
CUST02104,New Customers,4,1,679.74,5,2,1,8,0,0.0,7,0,Silver
CUST02105,Needs Attention,15,4,2058.2,5,4,3,12,2,25.0,1,0,Not Enrolled
CUST02106,Needs Attention,46,8,20239.78,4,5,5,14,3,12.5,7,14,Gold
CUST02107,At-Risk,90,5,3080.15,2,5,4,11,0,0.0,8,30,Not Enrolled
CUST02108,Needs Attention,9,3,2025.15,5,3,3,11,2,33.3,11,3,Not Enrolled
CUST02109,Champions,21,5,3747.13,4,5,4,13,1,0.0,7,7,Not Enrolled
CUST02110,Dormant,26,2,1374.8200000000002,4,3,2,9,0,0.0,1,13,Gold
CUST02111,Dormant,184,1,1404.22,1,2,2,5,0,0.0,0,34,Silver
CUST02112,At-Risk,335,3,1402.8600000000001,1,3,2,6,0,0.0,0,60,Silver
CUST02113,At-Risk,194,2,2358.37,1,3,3,7,0,0.0,1,37,Not Enrolled
CUST02114,Needs Attention,111,2,587.4200000000001,2,3,1,6,1,50.0,8,22,Not Enrolled
CUST02115,Dormant,277,1,483.57,1,2,1,4,0,0.0,0,50,Not Enrolled
CUST02116,At-Risk,151,2,1180.1399999999999,1,3,2,6,1,0.0,1,28,Silver
CUST02117,At-Risk,92,3,2584.4,2,3,4,9,0,0.0,6,18,Not Enrolled
CUST02118,At-Risk,93,7,5739.9800000000005,2,5,5,12,0,0.0,5,19,Silver
CUST02119,Needs Attention,44,3,2881.38,4,3,4,11,2,0.0,8,0,Not Enrolled
CUST02120,Champions,41,8,4965.58,4,5,5,14,1,12.5,1,1,Not Enrolled
CUST02121,New Customers,23,1,467.21,4,2,1,7,0,0.0,6,1,Silver
CUST02122,Dormant,244,1,863.7,1,2,2,5,0,0.0,0,45,Not Enrolled
CUST02123,Dormant,108,1,448.88,2,2,1,5,0,0.0,0,17,Not Enrolled
CUST02124,Dormant,40,2,995.22,4,3,2,9,0,0.0,15,6,Silver
CUST02125,Dormant,140,1,321.85,2,2,1,5,1,0.0,13,30,Gold
CUST02126,Dormant,206,1,698.21,1,2,1,4,0,0.0,1,44,Not Enrolled
CUST02127,Dormant,210,1,1050.81,1,2,2,5,0,0.0,3,38,Gold
CUST02128,New Customers,41,1,1406.44,4,2,2,8,0,0.0,11,3,Silver
CUST02129,Dormant,90,1,787.79,2,2,2,6,0,0.0,2,18,Not Enrolled
CUST02130,Needs Attention,84,3,1356.56,3,3,2,8,2,0.0,4,9,Silver
CUST02131,At-Risk,93,4,2614.58,2,4,4,10,1,0.0,2,29,Not Enrolled
CUST02132,New Customers,0,1,585.94,5,2,1,8,0,0.0,1,5,Not Enrolled
CUST02133,Loyal Customers,33,4,3704.23,4,4,4,12,1,0.0,11,8,Not Enrolled
CUST02134,At-Risk,192,3,2486.55,1,3,3,7,1,0.0,1,44,Silver
CUST02135,Dormant,66,1,1006.67,3,2,2,7,1,0.0,2,13,Not Enrolled
CUST02136,Loyal Customers,84,4,3776.61,3,4,4,11,1,25.0,4,9,Not Enrolled
CUST02137,Needs Attention,47,3,3099.36,3,3,4,10,2,0.0,5,7,Not Enrolled
CUST02138,Dormant,194,1,472.88,1,2,1,4,1,0.0,2,36,Not Enrolled
CUST02139,New Customers,28,1,440.82,4,2,1,7,0,0.0,3,7,Not Enrolled
CUST02140,Champions,30,6,4288.45,4,5,5,14,1,16.7,15,0,Gold
CUST02141,Dormant,77,2,2337.84,3,3,3,9,0,0.0,16,11,Not Enrolled
CUST02142,Dormant,79,1,1330.95,3,2,2,7,0,0.0,1,25,Not Enrolled
CUST02143,Dormant,61,1,1023.26,3,2,2,7,0,0.0,14,13,Silver
CUST02144,At-Risk,173,2,1767.13,1,3,3,7,0,0.0,0,40,Silver
CUST02145,At-Risk,111,7,4813.139999999999,2,5,5,12,0,0.0,2,23,Not Enrolled
CUST02146,Dormant,118,1,917.63,2,2,2,6,0,0.0,0,27,Not Enrolled
CUST02147,At-Risk,124,2,997.9000000000001,2,3,2,7,0,0.0,1,36,Not Enrolled
CUST02148,Dormant,173,1,459.5,1,2,1,4,0,0.0,1,31,Not Enrolled
CUST02149,Dormant,64,2,3065.5299999999997,3,3,4,10,0,0.0,8,7,Gold
CUST02150,At-Risk,245,4,2166.25,1,4,3,8,0,0.0,2,55,Not Enrolled
CUST02151,Dormant,39,3,2519.29,4,3,3,10,1,0.0,9,10,Not Enrolled
CUST02152,At-Risk,109,4,2366.99,2,4,3,9,1,0.0,4,28,Silver
CUST02153,Needs Attention,78,6,6234.7,3,5,5,13,2,0.0,3,12,Not Enrolled
CUST02154,Needs Attention,106,16,11777.27,2,5,5,12,3,6.2,10,24,Gold
CUST02155,Dormant,197,1,846.73,1,2,2,5,0,0.0,10,45,Not Enrolled
CUST02156,At-Risk,214,1,1705.47,1,2,3,6,0,0.0,0,40,Not Enrolled
CUST02157,Dormant,48,1,736.31,3,2,1,6,0,0.0,8,12,Gold
CUST02158,At-Risk,101,8,4793.27,2,5,5,12,1,12.5,3,0,Silver
CUST02159,Dormant,9,3,1632.0,5,3,3,11,0,0.0,19,10,Not Enrolled
CUST02160,Needs Attention,3,2,1098.67,5,3,2,10,2,0.0,2,0,Not Enrolled
CUST02161,At-Risk,153,3,2402.2799999999997,1,3,3,7,1,0.0,1,41,Not Enrolled
CUST02162,Champions,12,6,3338.24,5,5,4,14,0,0.0,12,0,Not Enrolled
CUST02163,Needs Attention,123,3,2010.3600000000001,2,3,3,8,1,33.3,1,46,Not Enrolled
CUST02164,Dormant,48,1,644.0,3,2,1,6,1,0.0,2,3,Gold
CUST02165,Dormant,39,2,667.69,4,3,1,8,0,0.0,3,0,Not Enrolled
CUST02166,New Customers,20,1,1010.89,5,2,2,9,1,0.0,1,5,Silver
CUST02167,Champions,43,5,3963.67,4,5,4,13,0,0.0,6,24,Not Enrolled
CUST02168,Needs Attention,165,3,2219.25,1,3,3,7,1,33.3,8,30,Not Enrolled
CUST02169,Needs Attention,94,4,3065.81,2,4,4,10,2,0.0,9,16,Gold
CUST02170,Needs Attention,138,6,3749.08,2,5,4,11,3,33.3,3,25,Silver
CUST02171,Dormant,120,1,1067.07,2,2,2,6,0,0.0,1,11,Not Enrolled
CUST02172,Needs Attention,17,6,3942.03,5,5,4,14,3,16.7,4,0,Not Enrolled
CUST02173,New Customers,0,1,2057.25,5,2,3,10,1,0.0,9,13,Not Enrolled
CUST02174,Needs Attention,139,7,3517.69,2,5,4,11,2,0.0,12,30,Not Enrolled
CUST02175,Champions,31,5,3584.25,4,5,4,13,0,0.0,6,6,Gold
CUST02176,Dormant,114,1,971.25,2,2,2,6,0,0.0,8,14,Not Enrolled
CUST02177,Dormant,197,1,898.53,1,2,2,5,0,0.0,1,42,Not Enrolled
CUST02178,Loyal Customers,36,4,2493.7200000000003,4,4,3,11,1,25.0,9,11,Not Enrolled
CUST02179,New Customers,14,1,475.85,5,2,1,8,1,0.0,9,0,Platinum
CUST02180,At-Risk,122,3,2631.13,2,3,4,9,1,0.0,7,20,Silver
CUST02181,New Customers,11,1,908.67,5,2,2,9,0,0.0,5,11,Not Enrolled
CUST02182,Dormant,71,2,1385.9899999999998,3,3,2,8,1,0.0,5,7,Not Enrolled
CUST02183,Dormant,51,2,2206.5,3,3,3,9,0,0.0,2,0,Not Enrolled
CUST02184,At-Risk,110,2,1434.1,2,3,2,7,1,0.0,2,22,Not Enrolled
CUST02185,At-Risk,210,6,2701.7200000000003,1,5,4,10,1,0.0,1,44,Not Enrolled
CUST02186,At-Risk,122,5,3170.84,2,5,4,11,0,0.0,5,26,Gold
CUST02187,Dormant,217,1,1006.5,1,2,2,5,0,0.0,1,40,Not Enrolled
CUST02188,At-Risk,125,2,640.48,2,3,1,6,0,0.0,1,25,Not Enrolled
CUST02189,At-Risk,87,4,2813.7799999999997,2,4,4,10,1,0.0,6,17,Not Enrolled
CUST02190,At-Risk,101,4,2228.5,2,4,3,9,1,25.0,2,17,Not Enrolled
CUST02191,At-Risk,158,4,2674.4,1,4,4,9,0,0.0,4,13,Silver
CUST02192,New Customers,9,1,911.64,5,2,2,9,0,0.0,10,17,Gold
CUST02193,New Customers,18,1,395.16,5,2,1,8,0,0.0,10,4,Not Enrolled
CUST02194,Champions,67,5,7337.07,3,5,5,13,0,0.0,11,12,Gold
CUST02195,At-Risk,119,8,4744.28,2,5,5,12,1,0.0,3,26,Not Enrolled
CUST02196,Dormant,175,1,605.92,1,2,1,4,0,0.0,0,38,Not Enrolled
CUST02197,New Customers,21,1,362.15,4,2,1,7,0,0.0,9,10,Silver
CUST02198,At-Risk,96,3,3118.08,2,3,4,9,0,0.0,3,28,Silver
CUST02199,Needs Attention,96,4,2638.62,2,4,4,10,2,25.0,3,16,Not Enrolled
CUST02200,Dormant,3,3,1089.4,5,3,2,10,0,0.0,5,9,Not Enrolled
CUST02201,At-Risk,129,5,4412.26,2,5,5,12,0,0.0,2,33,Silver
CUST02202,Champions,2,6,3383.51,5,5,4,14,0,0.0,2,0,Not Enrolled
CUST02203,Dormant,52,3,1505.22,3,3,2,8,0,0.0,3,2,Not Enrolled
CUST02204,Dormant,175,1,456.72,1,2,1,4,0,0.0,1,46,Not Enrolled
CUST02205,At-Risk,236,2,2473.31,1,3,3,7,0,0.0,3,43,Not Enrolled
CUST02206,At-Risk,278,2,1232.78,1,3,2,6,1,0.0,0,45,Gold
CUST02207,Needs Attention,29,9,6120.55,4,5,5,14,3,11.1,2,9,Not Enrolled
CUST02208,At-Risk,123,6,5051.27,2,5,5,12,1,0.0,0,35,Not Enrolled
CUST02209,Loyal Customers,22,4,1867.09,4,4,3,11,0,0.0,11,0,Not Enrolled
CUST02210,At-Risk,154,2,1718.96,1,3,3,7,0,0.0,1,23,Silver
CUST02211,Champions,5,5,3668.86,5,5,4,14,1,0.0,6,0,Gold
CUST02212,Dormant,52,1,619.75,3,2,1,6,0,0.0,2,16,Gold
CUST02213,Needs Attention,43,3,1948.1499999999999,4,3,3,10,2,33.3,2,9,Silver
CUST02214,Needs Attention,213,6,5751.179999999999,1,5,5,11,3,33.3,3,22,Gold
CUST02215,New Customers,38,1,362.55,4,2,1,7,1,0.0,9,4,Silver
CUST02216,Needs Attention,90,3,2218.09,2,3,3,8,2,33.3,4,16,Silver
CUST02217,New Customers,42,1,586.15,4,2,1,7,0,0.0,12,0,Not Enrolled
CUST02218,Champions,26,5,3903.06,4,5,4,13,1,20.0,2,0,Not Enrolled
CUST02219,New Customers,39,1,484.4,4,2,1,7,0,0.0,4,2,Not Enrolled
CUST02220,Dormant,70,1,366.62,3,2,1,6,0,0.0,7,7,Silver
CUST02221,New Customers,34,1,682.97,4,2,1,7,0,0.0,1,19,Gold
CUST02222,Needs Attention,92,1,836.55,2,2,2,6,1,100.0,7,5,Silver
CUST02223,New Customers,10,1,764.96,5,2,1,8,0,0.0,19,0,Gold
CUST02224,At-Risk,197,3,1603.7,1,3,3,7,1,0.0,0,42,Not Enrolled
CUST02225,Needs Attention,251,6,2353.84,1,5,3,9,2,33.3,3,45,Silver
CUST02226,Needs Attention,49,10,7516.83,3,5,5,13,3,10.0,5,10,Gold
CUST02227,Loyal Customers,28,4,2320.84,4,4,3,11,1,0.0,4,14,Not Enrolled
CUST02228,Needs Attention,87,3,2870.67,2,3,4,9,2,66.7,4,3,Silver
CUST02229,Loyal Customers,75,4,3538.13,3,4,4,11,1,0.0,9,19,Silver
CUST02230,New Customers,24,1,388.37,4,2,1,7,0,0.0,1,4,Not Enrolled
CUST02231,Dormant,68,3,1511.08,3,3,2,8,0,0.0,10,14,Silver
CUST02232,New Customers,0,1,327.98,5,2,1,8,0,0.0,5,2,Silver
CUST02233,Dormant,94,1,515.82,2,2,1,5,0,0.0,4,29,Not Enrolled
CUST02234,Dormant,169,1,880.11,1,2,2,5,1,0.0,5,35,Gold
CUST02235,Dormant,52,1,221.66,3,2,1,6,0,0.0,1,6,Not Enrolled
CUST02236,At-Risk,145,2,1413.8899999999999,2,3,2,7,0,0.0,1,27,Not Enrolled
CUST02237,Champions,38,6,3565.76,4,5,4,13,1,16.7,10,0,Gold
CUST02238,Needs Attention,57,10,6304.62,3,5,5,13,3,20.0,2,4,Gold
CUST02239,New Customers,45,1,576.85,4,2,1,7,0,0.0,5,19,Silver
CUST02240,New Customers,19,1,2577.76,5,2,4,11,0,0.0,6,4,Not Enrolled
CUST02241,At-Risk,114,4,3532.06,2,4,4,10,0,0.0,0,31,Gold
CUST02242,Needs Attention,130,3,2407.42,2,3,3,8,1,33.3,1,29,Not Enrolled
CUST02243,At-Risk,133,4,2923.57,2,4,4,10,1,25.0,7,31,Silver
CUST02244,Loyal Customers,5,4,2406.37,5,4,3,12,0,0.0,5,0,Silver
CUST02245,Needs Attention,83,8,4970.59,3,5,5,13,2,12.5,7,29,Silver
CUST02246,At-Risk,153,3,2005.87,1,3,3,7,1,0.0,6,30,Not Enrolled
CUST02247,Dormant,55,1,533.22,3,2,1,6,0,0.0,0,4,Not Enrolled
CUST02248,Dormant,93,1,1245.24,2,2,2,6,0,0.0,2,17,Not Enrolled
CUST02249,Dormant,75,3,1584.17,3,3,3,9,1,0.0,10,28,Platinum
CUST02250,Needs Attention,15,6,3309.5,5,5,4,14,3,33.3,10,18,Silver
CUST02251,At-Risk,182,2,1716.8,1,3,3,7,0,0.0,8,22,Silver
CUST02252,Needs Attention,62,4,2123.62,3,4,3,10,2,0.0,1,16,Not Enrolled
CUST02253,Needs Attention,67,7,5056.679999999999,3,5,5,13,2,0.0,9,15,Gold
CUST02254,Dormant,91,1,321.87,2,2,1,5,1,0.0,4,9,Silver
CUST02255,New Customers,15,1,485.28,5,2,1,8,0,0.0,11,0,Not Enrolled
CUST02256,Loyal Customers,42,4,2003.71,4,4,3,11,1,0.0,12,10,Not Enrolled
CUST02257,Needs Attention,60,5,4038.65,3,5,5,13,3,0.0,3,2,Silver
CUST02258,At-Risk,198,4,2233.67,1,4,3,8,1,0.0,8,39,Not Enrolled
CUST02259,Dormant,42,2,917.25,4,3,2,9,0,0.0,17,8,Gold
CUST02260,Dormant,69,3,3309.0299999999997,3,3,4,10,1,0.0,7,15,Silver
CUST02261,Needs Attention,55,4,3277.19,3,4,4,11,2,0.0,4,17,Not Enrolled
CUST02262,At-Risk,97,3,2320.9,2,3,3,8,1,0.0,0,30,Silver
CUST02263,Dormant,118,1,385.7,2,2,1,5,0,0.0,8,31,Not Enrolled
CUST02264,Needs Attention,45,3,2217.6800000000003,4,3,3,10,1,33.3,3,9,Gold
CUST02265,New Customers,31,1,280.88,4,2,1,7,0,0.0,3,0,Silver
CUST02266,New Customers,20,1,563.66,5,2,1,8,0,0.0,2,13,Not Enrolled
CUST02267,Needs Attention,207,2,2539.23,1,3,3,7,2,50.0,5,35,Not Enrolled
CUST02268,At-Risk,167,2,1421.47,1,3,2,6,0,0.0,2,26,Gold
CUST02269,Champions,7,4,3854.66,5,4,4,13,1,25.0,8,25,Gold
CUST02270,At-Risk,91,6,4121.46,2,5,5,12,1,0.0,14,13,Not Enrolled
CUST02271,At-Risk,119,2,1585.3500000000001,2,3,3,8,1,0.0,4,27,Not Enrolled
CUST02272,Needs Attention,59,11,8117.28,3,5,5,13,4,18.2,13,2,Not Enrolled
CUST02273,At-Risk,163,2,1263.48,1,3,2,6,0,0.0,8,39,Not Enrolled
CUST02274,Dormant,70,2,897.32,3,3,2,8,1,0.0,7,7,Not Enrolled
CUST02275,Loyal Customers,21,4,1569.5,4,4,3,11,0,0.0,5,0,Silver
CUST02276,Needs Attention,265,2,2509.86,1,3,3,7,2,0.0,1,50,Gold
CUST02277,At-Risk,218,2,3384.3,1,3,4,8,0,0.0,4,49,Not Enrolled
CUST02278,At-Risk,116,2,937.17,2,3,2,7,1,0.0,0,28,Not Enrolled
CUST02279,Dormant,21,3,2624.92,4,3,4,11,0,0.0,0,10,Not Enrolled
CUST02280,Dormant,145,1,1244.85,2,2,2,6,0,0.0,8,32,Not Enrolled
CUST02281,At-Risk,120,2,1698.6799999999998,2,3,3,8,0,0.0,8,28,Not Enrolled
CUST02282,New Customers,7,1,300.59,5,2,1,8,1,0.0,1,10,Not Enrolled
CUST02283,At-Risk,132,4,1771.46,2,4,3,9,0,0.0,1,26,Not Enrolled
CUST02284,Champions,35,5,3144.28,4,5,4,13,1,20.0,11,6,Platinum
CUST02285,New Customers,19,1,903.8,5,2,2,9,1,0.0,0,31,Not Enrolled
CUST02286,At-Risk,242,2,2310.76,1,3,3,7,0,0.0,2,58,Not Enrolled
CUST02287,At-Risk,100,7,7044.49,2,5,5,12,1,14.3,0,12,Not Enrolled
CUST02288,Champions,58,5,4722.57,3,5,5,13,1,20.0,1,21,Gold
CUST02289,At-Risk,93,4,4308.88,2,4,5,11,1,0.0,6,6,Not Enrolled
CUST02290,Needs Attention,76,5,5620.530000000001,3,5,5,13,2,20.0,6,7,Not Enrolled
CUST02291,At-Risk,214,6,3936.09,1,5,4,10,0,0.0,3,31,Silver
CUST02292,Loyal Customers,4,4,2077.06,5,4,3,12,1,25.0,2,4,Not Enrolled
CUST02293,At-Risk,287,4,4413.400000000001,1,4,5,10,0,0.0,4,44,Not Enrolled
CUST02294,Needs Attention,19,2,785.8399999999999,5,3,2,10,1,50.0,1,7,Silver
CUST02295,Dormant,24,2,958.6199999999999,4,3,2,9,1,0.0,3,0,Not Enrolled
CUST02296,Needs Attention,73,5,2333.01,3,5,3,11,2,0.0,11,3,Not Enrolled
CUST02297,New Customers,27,1,389.45,4,2,1,7,0,0.0,3,1,Silver
CUST02298,At-Risk,100,6,4073.9900000000002,2,5,5,12,1,0.0,13,36,Gold
CUST02299,Dormant,101,1,1062.37,2,2,2,6,0,0.0,7,19,Not Enrolled
CUST02300,At-Risk,104,3,3051.79,2,3,4,9,0,0.0,1,29,Not Enrolled
CUST02301,At-Risk,126,3,1446.59,2,3,2,7,0,0.0,7,35,Gold
CUST02302,Dormant,79,3,1243.3400000000001,3,3,2,8,1,0.0,8,28,Silver
CUST02303,Needs Attention,24,1,590.19,4,2,1,7,1,100.0,12,0,Not Enrolled
CUST02304,Champions,36,6,2964.84,4,5,4,13,0,0.0,6,14,Silver
CUST02305,Champions,40,7,5250.78,4,5,5,14,0,0.0,12,1,Not Enrolled
CUST02306,Dormant,74,2,2087.3199999999997,3,3,3,9,1,0.0,5,9,Not Enrolled
CUST02307,Dormant,24,2,1057.9,4,3,2,9,0,0.0,4,13,Not Enrolled
CUST02308,At-Risk,116,3,2021.26,2,3,3,8,0,0.0,0,22,Not Enrolled
CUST02309,Dormant,562,1,359.12,1,2,1,4,0,0.0,1,60,Not Enrolled
CUST02310,Needs Attention,25,5,3787.63,4,5,4,13,2,0.0,8,1,Not Enrolled
CUST02311,At-Risk,200,6,2984.76,1,5,4,10,1,0.0,3,38,Not Enrolled
CUST02312,Needs Attention,205,7,4727.71,1,5,5,11,3,0.0,3,48,Silver
CUST02313,Dormant,171,1,583.08,1,2,1,4,0,0.0,3,30,Silver
CUST02314,New Customers,0,1,443.94,5,2,1,8,0,0.0,16,0,Not Enrolled
CUST02315,Needs Attention,39,8,5134.64,4,5,5,14,3,0.0,12,22,Not Enrolled
CUST02316,New Customers,17,1,552.35,5,2,1,8,0,0.0,7,8,Not Enrolled
CUST02317,Needs Attention,1,7,6148.13,5,5,5,15,2,0.0,9,0,Not Enrolled
CUST02318,Dormant,85,1,514.56,3,2,1,6,0,0.0,3,18,Silver
CUST02319,New Customers,36,1,1156.63,4,2,2,8,0,0.0,6,21,Silver
CUST02320,At-Risk,97,2,519.24,2,3,1,6,0,0.0,3,15,Not Enrolled
CUST02321,At-Risk,172,6,4633.05,1,5,5,11,1,0.0,3,18,Silver
CUST02322,Loyal Customers,38,4,3153.22,4,4,4,12,0,0.0,6,0,Silver
CUST02323,Needs Attention,84,2,3391.66,3,3,4,10,1,50.0,4,15,Gold
CUST02324,At-Risk,178,3,2455.75,1,3,3,7,1,0.0,2,43,Not Enrolled
CUST02325,Champions,14,5,2255.7400000000002,5,5,3,13,1,20.0,12,0,Silver
CUST02326,New Customers,14,1,831.86,5,2,2,9,0,0.0,4,0,Not Enrolled
CUST02327,At-Risk,160,3,1354.68,1,3,2,6,1,0.0,9,32,Not Enrolled
CUST02328,New Customers,13,1,639.75,5,2,1,8,0,0.0,1,0,Gold
CUST02329,At-Risk,90,5,4216.7699999999995,2,5,5,12,1,0.0,7,17,Silver
CUST02330,Needs Attention,75,6,6079.95,3,5,5,13,4,16.7,4,3,Platinum
CUST02331,Champions,11,8,8892.78,5,5,5,15,1,12.5,7,0,Silver
CUST02332,Champions,17,4,4620.94,5,4,5,14,1,25.0,4,16,Gold
CUST02333,New Customers,0,1,648.38,5,2,1,8,0,0.0,3,7,Not Enrolled
CUST02334,New Customers,13,1,1812.0,5,2,3,10,0,0.0,11,1,Silver
CUST02335,Loyal Customers,40,4,2535.74,4,4,3,11,0,0.0,7,13,Not Enrolled
CUST02336,Dormant,78,2,777.1700000000001,3,3,2,8,0,0.0,13,4,Not Enrolled
CUST02337,New Customers,13,1,1911.28,5,2,3,10,0,0.0,21,0,Not Enrolled
CUST02338,Dormant,31,2,1594.4499999999998,4,3,3,10,1,0.0,16,0,Gold
CUST02339,Needs Attention,31,5,3093.07,4,5,4,13,2,20.0,8,0,Silver
CUST02340,Needs Attention,28,7,6261.87,4,5,5,14,3,0.0,8,1,Gold
CUST02341,New Customers,31,1,490.32,4,2,1,7,0,0.0,2,7,Not Enrolled
CUST02342,Dormant,57,2,1718.3899999999999,3,3,3,9,1,0.0,5,0,Silver
CUST02343,New Customers,24,1,1077.84,4,2,2,8,0,0.0,7,0,Silver
CUST02344,New Customers,19,1,536.58,5,2,1,8,0,0.0,2,18,Silver
CUST02345,Champions,33,5,3378.75,4,5,4,13,0,0.0,1,9,Not Enrolled
CUST02346,Needs Attention,16,3,1415.13,5,3,2,10,2,0.0,6,0,Not Enrolled
CUST02347,Dormant,92,1,1102.94,2,2,2,6,0,0.0,3,20,Not Enrolled
CUST02348,At-Risk,115,4,4886.8,2,4,5,11,0,0.0,6,33,Not Enrolled
CUST02349,Dormant,54,3,1811.6,3,3,3,9,0,0.0,9,8,Not Enrolled
CUST02350,At-Risk,132,3,3619.51,2,3,4,9,0,0.0,1,21,Not Enrolled
CUST02351,At-Risk,239,1,1592.34,1,2,3,6,0,0.0,1,56,Not Enrolled
CUST02352,Loyal Customers,8,4,2251.45,5,4,3,12,0,0.0,3,15,Not Enrolled
CUST02353,At-Risk,150,5,3152.52,1,5,4,10,1,0.0,6,24,Not Enrolled
CUST02354,New Customers,19,1,666.97,5,2,1,8,0,0.0,0,0,Not Enrolled
CUST02355,Needs Attention,9,7,3620.0899999999997,5,5,4,14,3,0.0,0,0,Not Enrolled
CUST02356,Dormant,34,2,1160.46,4,3,2,9,0,0.0,13,0,Silver
CUST02357,Needs Attention,30,8,7592.09,4,5,5,14,2,0.0,5,0,Gold
CUST02358,Needs Attention,72,3,2849.58,3,3,4,10,3,0.0,1,0,Silver
CUST02359,Loyal Customers,28,4,2631.74,4,4,4,12,0,0.0,17,2,Gold
CUST02360,Dormant,39,2,830.9399999999999,4,3,2,9,0,0.0,5,12,Not Enrolled
CUST02361,New Customers,43,1,430.86,4,2,1,7,0,0.0,2,13,Silver
CUST02362,Dormant,20,2,2072.46,5,3,3,11,0,0.0,4,12,Platinum
CUST02363,Needs Attention,20,2,2190.38,5,3,3,11,1,50.0,5,8,Not Enrolled
CUST02364,At-Risk,153,2,1091.09,1,3,2,6,1,0.0,1,31,Not Enrolled
CUST02365,Champions,9,5,4018.01,5,5,4,14,0,0.0,17,11,Not Enrolled
CUST02366,At-Risk,219,5,2837.05,1,5,4,10,0,0.0,4,34,Not Enrolled
CUST02367,Loyal Customers,70,4,2571.52,3,4,4,11,1,0.0,5,15,Platinum
CUST02368,Needs Attention,157,4,4203.85,1,4,5,10,3,25.0,2,33,Silver
CUST02369,New Customers,22,1,377.41,4,2,1,7,0,0.0,14,0,Not Enrolled
CUST02370,Dormant,21,3,1826.48,4,3,3,10,1,0.0,4,0,Not Enrolled
CUST02371,Needs Attention,44,4,2578.0099999999998,4,4,4,12,2,0.0,4,12,Silver
CUST02372,Champions,23,5,2903.5299999999997,4,5,4,13,1,0.0,15,9,Not Enrolled
CUST02373,Dormant,7,3,2811.29,5,3,4,12,1,0.0,2,0,Gold
CUST02374,Dormant,80,1,158.59,3,2,1,6,0,0.0,2,20,Not Enrolled
CUST02375,Dormant,81,1,530.02,3,2,1,6,0,0.0,2,26,Not Enrolled
CUST02376,Dormant,4,3,2320.3599999999997,5,3,3,11,0,0.0,1,0,Not Enrolled
CUST02377,Dormant,32,2,1996.9699999999998,4,3,3,10,0,0.0,9,17,Not Enrolled
CUST02378,Dormant,2,2,1141.79,5,3,2,10,0,0.0,13,0,Platinum
CUST02379,Dormant,112,1,588.32,2,2,1,5,0,0.0,11,25,Not Enrolled
CUST02380,Dormant,136,1,331.92,2,2,1,5,0,0.0,0,29,Not Enrolled
CUST02381,New Customers,4,1,798.67,5,2,2,9,1,0.0,8,8,Not Enrolled
CUST02382,At-Risk,89,7,6958.09,2,5,5,12,1,14.3,4,7,Silver
CUST02383,Needs Attention,108,4,1842.06,2,4,3,9,2,0.0,7,23,Not Enrolled
CUST02384,Needs Attention,68,3,2259.81,3,3,3,9,1,33.3,7,28,Silver
CUST02385,New Customers,27,1,873.79,4,2,2,8,0,0.0,1,5,Silver
CUST02386,Dormant,0,2,1758.17,5,3,3,11,0,0.0,7,0,Not Enrolled
CUST02387,Dormant,97,1,324.03,2,2,1,5,1,0.0,9,23,Not Enrolled
CUST02388,Dormant,49,1,2614.56,3,2,4,9,0,0.0,5,9,Silver
CUST02389,Needs Attention,125,4,1987.76,2,4,3,9,2,25.0,1,26,Not Enrolled
CUST02390,At-Risk,282,3,2336.76,1,3,3,7,0,0.0,2,60,Silver
CUST02391,Dormant,52,1,767.26,3,2,1,6,1,0.0,1,18,Not Enrolled
CUST02392,At-Risk,96,3,1858.71,2,3,3,8,0,0.0,2,20,Not Enrolled
CUST02393,Needs Attention,122,6,5816.6900000000005,2,5,5,12,2,16.7,0,29,Not Enrolled
CUST02394,Needs Attention,38,5,4632.17,4,5,5,14,2,0.0,5,5,Silver
CUST02395,Needs Attention,364,4,1428.0,1,4,2,7,4,50.0,1,60,Not Enrolled
CUST02396,Dormant,114,1,553.88,2,2,1,5,1,0.0,1,42,Not Enrolled
CUST02397,Dormant,58,1,451.68,3,2,1,6,0,0.0,12,25,Silver
CUST02398,Needs Attention,49,7,4117.02,3,5,5,13,2,14.3,4,10,Not Enrolled
CUST02399,At-Risk,276,4,2579.22,1,4,4,9,0,0.0,1,60,Not Enrolled
CUST02400,At-Risk,110,2,1017.49,2,3,2,7,0,0.0,1,11,Not Enrolled
